Date,Video ID,Title,Views,Daily Increase
2026-06-25,_3asYN_OV_U,추억은 계절처럼 찾아와,30833,0
2026-06-25,Nr0tzBlONjc,나를 사랑하지 않는 너에게,7541,0
2026-06-25,aWPNx-qvHkk,나를 사랑하지 않는 나에게,1861,0
2026-06-25,OX4W0K4ij1Q,넌 바다야,23625,0
2026-06-25,H-rBnGJ0xWM,작은 약속,41812,0
2026-06-25,b6afis3lmuA,Only for you,22544,0
2026-06-25,-2SkSDzl65Q,나는 너,17031,0
2026-06-25,eIGQOGNHn0Y,이제는 안녕 (영범이에게),24079,0
2026-06-25,upxyzZ9aaDg,투명한 콜라,25268,0
2026-06-25,YGOpr4EP2CE,잊어주세요,6631,0
2026-06-25,Snl3FIO9T80,남겨두고서,12334,0
2026-06-25,K_s-Nr9lp6k,영영,42553,0
2026-06-25,hme8ULDjQpg,봄이어라,3954,0
2026-06-25,Sv2oTzU6JFs,마지막 1초,5906,0
2026-06-25,qJfGWQl0xjo,하얀 운동화 (feat. 김인디),5046,0
2026-06-25,rFsGrFl5QqU,종이비행기,5239,0
2026-06-25,w1HcX17JYPM,그 한마디,5998,0
2026-06-25,570BJzlYaqU,너의 노래가 될게,27056,0
2026-06-25,f2tVdl7BzIw,마주치지 말걸 그랬어,46452,0
2026-06-25,1HVuTOrf_Ns,사랑한다고 말해볼까요,8807,0
2026-06-25,1kOZilM88g0,여전히 널,42076,0
2026-06-25,VG-gznNRHIQ,스위트피,3662,0
2026-06-25,x2Rv27prn9c,누가 그랬나요,10730,0
2026-06-25,Ot4xAK2T-s0,미안할 건 없지,11695,0
2026-06-25,nlwQFSs9C1c,인공소녀,2664,0
2026-06-25,SctlVInapnA,눈부시게 행복하기를,4092,0
2026-06-25,J1tMAzBHUo8,이 밤이 다정하게 우릴 속여도,2338,0
2026-06-25,mf1SsEWha0U,핑크빛 립스틱,9138,0
2026-06-25,Xl9xoodpb30,첫 번째 비밀,2455,0
2026-06-25,xdRQQ-uV-ew,F&T,3992,0
2026-06-25,OyePmUzjlb4,0이 될 때까지 지워내,171860,0
2026-06-25,2dNYo-2tlgU,도레미파솔라시도,6548,0
2026-06-25,Z7ITvksAdGM,아직 태어나지 않았나요,2870,0
2026-06-25,KSyWk3ISs4o,달빛도 잠든 거리,4060,0
2026-06-25,oiJmQr3BoDc,멈추지 않는 바람만,12877,0
2026-06-25,HB2VnB5uUz0,"Rewind, Forward",3711,0
2026-06-25,YOp8gxf8HTw,난 여기 있을게,5511,0
2026-06-25,GgntvWwYvu8,Red Juice,1925,0
2026-06-25,IxoVAgHM0Cs,안녕은 영원한 이별이 아니길,101591,0
2026-06-25,rc8tF5uct_g,봄이 오고 있어,3537,0
2026-06-25,obDaGr188bQ,그대는 알고 있나요,78835,0
2026-06-25,C-2VvBYgi1Y,부르고 싶은 이름이 되어 버린 너,11473,0
2026-06-25,fp3_BRbeogw,CITY,31,0
2026-06-25,BttPkrdZUtk,고작 꺼낸 한마디가,206,0
2026-06-25,CD2iBBtHWJY,울까요,182,0
2026-06-25,FrsutI3FgsI,달려가고 있어,357,0
2026-06-25,NAEVxyBcox4,보랏빛 사이렌,13580,0
2026-06-25,WCSoJPk7ePQ,널 따라,157,0
2026-06-25,e0zNwl97eME,눈을 감아도,406,0
2026-06-25,fM_jW4SQ6dQ,CITY,4255,0
2026-06-25,pOgM2e9ltco,멍청아,267,0
2026-06-25,yes8AZebW0c,오늘밤엔 꼭,3990,0
2026-06-25,z_NlEEOggzE,부서지길 바래,230,0
2026-06-25,8wFDNGfSZvU,달려가고 있어,3493,0
2026-06-25,bi3lP1CcOTY,고작 꺼낸 한마디가,3597,0
2026-06-25,MqOAcmgJU0M,널 따라,2363,0
2026-06-25,FmwaEEomopk,눈을 감아도,36228,0
2026-06-25,6dtQjvc8n3c,울까요,4640,0
2026-06-25,eIXJnHWgtBk,부서지길 바래,2385,0
2026-06-25,p7KgqfEmyB8,멍청아,2823,0
2026-06-26,igPe3SalZaM,All Right,48,0
2026-06-26,_3asYN_OV_U,추억은 계절처럼 찾아와,38429,7596
2026-06-26,Nr0tzBlONjc,나를 사랑하지 않는 너에게,7953,412
2026-06-26,aWPNx-qvHkk,나를 사랑하지 않는 나에게,1934,73
2026-06-26,OX4W0K4ij1Q,넌 바다야,24313,688
2026-06-26,H-rBnGJ0xWM,작은 약속,42578,766
2026-06-26,b6afis3lmuA,Only for you,22734,190
2026-06-26,-2SkSDzl65Q,나는 너,17374,343
2026-06-26,eIGQOGNHn0Y,이제는 안녕 (영범이에게),24273,194
2026-06-26,upxyzZ9aaDg,투명한 콜라,25810,542
2026-06-26,YGOpr4EP2CE,잊어주세요,6761,130
2026-06-26,Snl3FIO9T80,남겨두고서,12513,179
2026-06-26,K_s-Nr9lp6k,영영,45110,2557
2026-06-26,hme8ULDjQpg,봄이어라,4034,80
2026-06-26,Sv2oTzU6JFs,마지막 1초,6056,150
2026-06-26,qJfGWQl0xjo,하얀 운동화 (feat. 김인디),5195,149
2026-06-26,rFsGrFl5QqU,종이비행기,5348,109
2026-06-26,w1HcX17JYPM,그 한마디,6077,79
2026-06-26,570BJzlYaqU,너의 노래가 될게,27901,845
2026-06-26,f2tVdl7BzIw,마주치지 말걸 그랬어,47397,945
2026-06-26,1HVuTOrf_Ns,사랑한다고 말해볼까요,8997,190
2026-06-26,1kOZilM88g0,여전히 널,42753,677
2026-06-26,VG-gznNRHIQ,스위트피,3730,68
2026-06-26,x2Rv27prn9c,누가 그랬나요,10943,213
2026-06-26,Ot4xAK2T-s0,미안할 건 없지,12061,366
2026-06-26,nlwQFSs9C1c,인공소녀,2720,56
2026-06-26,SctlVInapnA,눈부시게 행복하기를,4172,80
2026-06-26,J1tMAzBHUo8,이 밤이 다정하게 우릴 속여도,2387,49
2026-06-26,mf1SsEWha0U,핑크빛 립스틱,9270,132
2026-06-26,Xl9xoodpb30,첫 번째 비밀,2493,38
2026-06-26,xdRQQ-uV-ew,F&T,4048,56
2026-06-26,OyePmUzjlb4,0이 될 때까지 지워내,175488,3628
2026-06-26,2dNYo-2tlgU,도레미파솔라시도,6685,137
2026-06-26,Z7ITvksAdGM,아직 태어나지 않았나요,2930,60
2026-06-26,KSyWk3ISs4o,달빛도 잠든 거리,4114,54
2026-06-26,oiJmQr3BoDc,멈추지 않는 바람만,13032,155
2026-06-26,HB2VnB5uUz0,"Rewind, Forward",3844,133
2026-06-26,YOp8gxf8HTw,난 여기 있을게,5677,166
2026-06-26,GgntvWwYvu8,Red Juice,1956,31
2026-06-26,IxoVAgHM0Cs,안녕은 영원한 이별이 아니길,103297,1706
2026-06-26,rc8tF5uct_g,봄이 오고 있어,3607,70
2026-06-26,obDaGr188bQ,그대는 알고 있나요,80076,1241
2026-06-26,C-2VvBYgi1Y,부르고 싶은 이름이 되어 버린 너,11897,424
2026-06-26,fp3_BRbeogw,CITY,31,0
2026-06-26,BttPkrdZUtk,고작 꺼낸 한마디가,207,1
2026-06-26,CD2iBBtHWJY,울까요,186,4
2026-06-26,FrsutI3FgsI,달려가고 있어,365,8
2026-06-26,NAEVxyBcox4,보랏빛 사이렌,13881,301
2026-06-26,WCSoJPk7ePQ,널 따라,159,2
2026-06-26,e0zNwl97eME,눈을 감아도,408,2
2026-06-26,fM_jW4SQ6dQ,CITY,4294,39
2026-06-26,pOgM2e9ltco,멍청아,269,2
2026-06-26,yes8AZebW0c,오늘밤엔 꼭,4063,73
2026-06-26,z_NlEEOggzE,부서지길 바래,237,7
2026-06-26,8wFDNGfSZvU,달려가고 있어,3559,66
2026-06-26,bi3lP1CcOTY,고작 꺼낸 한마디가,3654,57
2026-06-26,MqOAcmgJU0M,널 따라,2412,49
2026-06-26,FmwaEEomopk,눈을 감아도,36740,512
2026-06-26,6dtQjvc8n3c,울까요,4710,70
2026-06-26,eIXJnHWgtBk,부서지길 바래,2426,41
2026-06-26,p7KgqfEmyB8,멍청아,2874,51
2026-06-26,igPe3SalZaM,All Right,298,250
2026-06-26,_3asYN_OV_U,추억은 계절처럼 찾아와,40447,2018
2026-06-26,Nr0tzBlONjc,나를 사랑하지 않는 너에게,8175,222
2026-06-26,aWPNx-qvHkk,나를 사랑하지 않는 나에게,1974,40
2026-06-26,OX4W0K4ij1Q,넌 바다야,24833,520
2026-06-26,H-rBnGJ0xWM,작은 약속,43189,611
2026-06-26,b6afis3lmuA,Only for you,22872,138
2026-06-26,-2SkSDzl65Q,나는 너,17560,186
2026-06-26,eIGQOGNHn0Y,이제는 안녕 (영범이에게),24371,98
2026-06-26,upxyzZ9aaDg,투명한 콜라,26098,288
2026-06-26,YGOpr4EP2CE,잊어주세요,6858,97
2026-06-26,Snl3FIO9T80,남겨두고서,12624,111
2026-06-26,K_s-Nr9lp6k,영영,46966,1856
2026-06-26,hme8ULDjQpg,봄이어라,4076,42
2026-06-26,Sv2oTzU6JFs,마지막 1초,6127,71
2026-06-26,qJfGWQl0xjo,하얀 운동화 (feat. 김인디),5277,82
2026-06-26,rFsGrFl5QqU,종이비행기,5393,45
2026-06-26,w1HcX17JYPM,그 한마디,6143,66
2026-06-26,570BJzlYaqU,너의 노래가 될게,28489,588
2026-06-26,f2tVdl7BzIw,마주치지 말걸 그랬어,48316,919
2026-06-26,1HVuTOrf_Ns,사랑한다고 말해볼까요,9124,127
2026-06-26,1kOZilM88g0,여전히 널,43283,530
2026-06-26,VG-gznNRHIQ,스위트피,3759,29
2026-06-26,x2Rv27prn9c,누가 그랬나요,11110,167
2026-06-26,Ot4xAK2T-s0,미안할 건 없지,12316,255
2026-06-26,nlwQFSs9C1c,인공소녀,2762,42
2026-06-26,SctlVInapnA,눈부시게 행복하기를,4234,62
2026-06-26,J1tMAzBHUo8,이 밤이 다정하게 우릴 속여도,2408,21
2026-06-26,mf1SsEWha0U,핑크빛 립스틱,9349,79
2026-06-26,Xl9xoodpb30,첫 번째 비밀,2516,23
2026-06-26,xdRQQ-uV-ew,F&T,4081,33
2026-06-26,OyePmUzjlb4,0이 될 때까지 지워내,178013,2525
2026-06-26,2dNYo-2tlgU,도레미파솔라시도,6775,90
2026-06-26,Z7ITvksAdGM,아직 태어나지 않았나요,2973,43
2026-06-26,KSyWk3ISs4o,달빛도 잠든 거리,4196,82
2026-06-26,oiJmQr3BoDc,멈추지 않는 바람만,13131,99
2026-06-26,HB2VnB5uUz0,"Rewind, Forward",3910,66
2026-06-26,YOp8gxf8HTw,난 여기 있을게,5762,85
2026-06-26,GgntvWwYvu8,Red Juice,1973,17
2026-06-26,IxoVAgHM0Cs,안녕은 영원한 이별이 아니길,104567,1270
2026-06-26,rc8tF5uct_g,봄이 오고 있어,3633,26
2026-06-26,obDaGr188bQ,그대는 알고 있나요,81004,928
2026-06-26,C-2VvBYgi1Y,부르고 싶은 이름이 되어 버린 너,12166,269
2026-06-26,fp3_BRbeogw,CITY,31,0
2026-06-26,BttPkrdZUtk,고작 꺼낸 한마디가,208,1
2026-06-26,CD2iBBtHWJY,울까요,188,2
2026-06-26,FrsutI3FgsI,달려가고 있어,372,7
2026-06-26,NAEVxyBcox4,보랏빛 사이렌,14173,292
2026-06-26,WCSoJPk7ePQ,널 따라,161,2
2026-06-26,e0zNwl97eME,눈을 감아도,409,1
2026-06-26,fM_jW4SQ6dQ,CITY,4312,18
2026-06-26,pOgM2e9ltco,멍청아,270,1
2026-06-26,yes8AZebW0c,오늘밤엔 꼭,4109,46
2026-06-26,z_NlEEOggzE,부서지길 바래,237,0
2026-06-26,8wFDNGfSZvU,달려가고 있어,3594,35
2026-06-26,bi3lP1CcOTY,고작 꺼낸 한마디가,3691,37
2026-06-26,MqOAcmgJU0M,널 따라,2434,22
2026-06-26,FmwaEEomopk,눈을 감아도,37126,386
2026-06-26,6dtQjvc8n3c,울까요,4767,57
2026-06-26,eIXJnHWgtBk,부서지길 바래,2452,26
2026-06-26,p7KgqfEmyB8,멍청아,2893,19
2026-06-27,igPe3SalZaM,All Right,606,308
2026-06-27,_3asYN_OV_U,추억은 계절처럼 찾아와,41725,1278
2026-06-27,Nr0tzBlONjc,나를 사랑하지 않는 너에게,8465,290
2026-06-27,aWPNx-qvHkk,나를 사랑하지 않는 나에게,2036,62
2026-06-27,OX4W0K4ij1Q,넌 바다야,25533,700
2026-06-27,H-rBnGJ0xWM,작은 약속,43856,667
2026-06-27,b6afis3lmuA,Only for you,23091,219
2026-06-27,-2SkSDzl65Q,나는 너,17954,394
2026-06-27,eIGQOGNHn0Y,이제는 안녕 (영범이에게),24531,160
2026-06-27,upxyzZ9aaDg,투명한 콜라,26594,496
2026-06-27,YGOpr4EP2CE,잊어주세요,6986,128
2026-06-27,Snl3FIO9T80,남겨두고서,12826,202
2026-06-27,K_s-Nr9lp6k,영영,49400,2434
2026-06-27,hme8ULDjQpg,봄이어라,4159,83
2026-06-27,Sv2oTzU6JFs,마지막 1초,6221,94
2026-06-27,qJfGWQl0xjo,하얀 운동화 (feat. 김인디),5381,104
2026-06-27,rFsGrFl5QqU,종이비행기,5464,71
2026-06-27,w1HcX17JYPM,그 한마디,6247,104
2026-06-27,570BJzlYaqU,너의 노래가 될게,29179,690
2026-06-27,f2tVdl7BzIw,마주치지 말걸 그랬어,49417,1101
2026-06-27,1HVuTOrf_Ns,사랑한다고 말해볼까요,9288,164
2026-06-27,1kOZilM88g0,여전히 널,43982,699
2026-06-27,VG-gznNRHIQ,스위트피,3823,64
2026-06-27,x2Rv27prn9c,누가 그랬나요,11330,220
2026-06-27,Ot4xAK2T-s0,미안할 건 없지,12599,283
2026-06-27,nlwQFSs9C1c,인공소녀,2839,77
2026-06-27,SctlVInapnA,눈부시게 행복하기를,4339,105
2026-06-27,J1tMAzBHUo8,이 밤이 다정하게 우릴 속여도,2456,48
2026-06-27,mf1SsEWha0U,핑크빛 립스틱,9505,156
2026-06-27,Xl9xoodpb30,첫 번째 비밀,2566,50
2026-06-27,xdRQQ-uV-ew,F&T,4151,70
2026-06-27,OyePmUzjlb4,0이 될 때까지 지워내,181354,3341
2026-06-27,2dNYo-2tlgU,도레미파솔라시도,6959,184
2026-06-27,Z7ITvksAdGM,아직 태어나지 않았나요,3024,51
2026-06-27,KSyWk3ISs4o,달빛도 잠든 거리,4296,100
2026-06-27,oiJmQr3BoDc,멈추지 않는 바람만,13296,165
2026-06-27,HB2VnB5uUz0,"Rewind, Forward",4048,138
2026-06-27,YOp8gxf8HTw,난 여기 있을게,5954,192
2026-06-27,GgntvWwYvu8,Red Juice,2013,40
2026-06-27,IxoVAgHM0Cs,안녕은 영원한 이별이 아니길,106137,1570
2026-06-27,rc8tF5uct_g,봄이 오고 있어,3707,74
2026-06-27,obDaGr188bQ,그대는 알고 있나요,82083,1079
2026-06-27,C-2VvBYgi1Y,부르고 싶은 이름이 되어 버린 너,12509,343
2026-06-27,fp3_BRbeogw,CITY,31,0
2026-06-27,BttPkrdZUtk,고작 꺼낸 한마디가,209,1
2026-06-27,CD2iBBtHWJY,울까요,192,4
2026-06-27,FrsutI3FgsI,달려가고 있어,377,5
2026-06-27,NAEVxyBcox4,보랏빛 사이렌,14529,356
2026-06-27,WCSoJPk7ePQ,널 따라,162,1
2026-06-27,e0zNwl97eME,눈을 감아도,414,5
2026-06-27,fM_jW4SQ6dQ,CITY,4344,32
2026-06-27,pOgM2e9ltco,멍청아,274,4
2026-06-27,yes8AZebW0c,오늘밤엔 꼭,4166,57
2026-06-27,z_NlEEOggzE,부서지길 바래,237,0
2026-06-27,8wFDNGfSZvU,달려가고 있어,3640,46
2026-06-27,bi3lP1CcOTY,고작 꺼낸 한마디가,3744,53
2026-06-27,MqOAcmgJU0M,널 따라,2470,36
2026-06-27,FmwaEEomopk,눈을 감아도,37786,660
2026-06-27,6dtQjvc8n3c,울까요,4857,90
2026-06-27,eIXJnHWgtBk,부서지길 바래,2490,38
2026-06-27,p7KgqfEmyB8,멍청아,2937,44
2026-06-28,igPe3SalZaM,All Right,870,264
2026-06-28,_3asYN_OV_U,추억은 계절처럼 찾아와,42677,952
2026-06-28,Nr0tzBlONjc,나를 사랑하지 않는 너에게,8788,323
2026-06-28,aWPNx-qvHkk,나를 사랑하지 않는 나에게,2083,47
2026-06-28,OX4W0K4ij1Q,넌 바다야,26041,508
2026-06-28,H-rBnGJ0xWM,작은 약속,44225,369
2026-06-28,b6afis3lmuA,Only for you,23254,163
2026-06-28,-2SkSDzl65Q,나는 너,18154,200
2026-06-28,eIGQOGNHn0Y,이제는 안녕 (영범이에게),24643,112
2026-06-28,upxyzZ9aaDg,투명한 콜라,26907,313
2026-06-28,YGOpr4EP2CE,잊어주세요,7110,124
2026-06-28,Snl3FIO9T80,남겨두고서,12983,157
2026-06-28,K_s-Nr9lp6k,영영,51262,1862
2026-06-28,hme8ULDjQpg,봄이어라,4231,72
2026-06-28,Sv2oTzU6JFs,마지막 1초,6331,110
2026-06-28,qJfGWQl0xjo,하얀 운동화 (feat. 김인디),5477,96
2026-06-28,rFsGrFl5QqU,종이비행기,5515,51
2026-06-28,w1HcX17JYPM,그 한마디,6329,82
2026-06-28,570BJzlYaqU,너의 노래가 될게,29753,574
2026-06-28,f2tVdl7BzIw,마주치지 말걸 그랬어,50151,734
2026-06-28,1HVuTOrf_Ns,사랑한다고 말해볼까요,9404,116
2026-06-28,1kOZilM88g0,여전히 널,44707,725
2026-06-28,VG-gznNRHIQ,스위트피,3862,39
2026-06-28,x2Rv27prn9c,누가 그랬나요,11478,148
2026-06-28,Ot4xAK2T-s0,미안할 건 없지,12785,186
2026-06-28,nlwQFSs9C1c,인공소녀,2879,40
2026-06-28,SctlVInapnA,눈부시게 행복하기를,4389,50
2026-06-28,J1tMAzBHUo8,이 밤이 다정하게 우릴 속여도,2497,41
2026-06-28,mf1SsEWha0U,핑크빛 립스틱,9637,132
2026-06-28,Xl9xoodpb30,첫 번째 비밀,2600,34
2026-06-28,xdRQQ-uV-ew,F&T,4186,35
2026-06-28,OyePmUzjlb4,0이 될 때까지 지워내,184177,2823
2026-06-28,2dNYo-2tlgU,도레미파솔라시도,7037,78
2026-06-28,Z7ITvksAdGM,아직 태어나지 않았나요,3078,54
2026-06-28,KSyWk3ISs4o,달빛도 잠든 거리,4336,40
2026-06-28,oiJmQr3BoDc,멈추지 않는 바람만,13468,172
2026-06-28,HB2VnB5uUz0,"Rewind, Forward",4114,66
2026-06-28,YOp8gxf8HTw,난 여기 있을게,6078,124
2026-06-28,GgntvWwYvu8,Red Juice,2031,18
2026-06-28,IxoVAgHM0Cs,안녕은 영원한 이별이 아니길,107452,1315
2026-06-28,rc8tF5uct_g,봄이 오고 있어,3769,62
2026-06-28,obDaGr188bQ,그대는 알고 있나요,82990,907
2026-06-28,C-2VvBYgi1Y,부르고 싶은 이름이 되어 버린 너,12818,309
2026-06-28,fp3_BRbeogw,CITY,31,0
2026-06-28,BttPkrdZUtk,고작 꺼낸 한마디가,209,0
2026-06-28,CD2iBBtHWJY,울까요,194,2
2026-06-28,FrsutI3FgsI,달려가고 있어,382,5
2026-06-28,NAEVxyBcox4,보랏빛 사이렌,14897,368
2026-06-28,WCSoJPk7ePQ,널 따라,162,0
2026-06-28,e0zNwl97eME,눈을 감아도,415,1
2026-06-28,fM_jW4SQ6dQ,CITY,4369,25
2026-06-28,pOgM2e9ltco,멍청아,274,0
2026-06-28,yes8AZebW0c,오늘밤엔 꼭,4217,51
2026-06-28,z_NlEEOggzE,부서지길 바래,238,1
2026-06-28,8wFDNGfSZvU,달려가고 있어,3692,52
2026-06-28,bi3lP1CcOTY,고작 꺼낸 한마디가,3778,34
2026-06-28,MqOAcmgJU0M,널 따라,2491,21
2026-06-28,FmwaEEomopk,눈을 감아도,38158,372
2026-06-28,6dtQjvc8n3c,울까요,4913,56
2026-06-28,eIXJnHWgtBk,부서지길 바래,2519,29
2026-06-28,p7KgqfEmyB8,멍청아,2971,34
2026-06-29,igPe3SalZaM,All Right,1268,398
2026-06-29,_3asYN_OV_U,추억은 계절처럼 찾아와,43836,1159
2026-06-29,Nr0tzBlONjc,나를 사랑하지 않는 너에게,9096,308
2026-06-29,aWPNx-qvHkk,나를 사랑하지 않는 나에게,2135,52
2026-06-29,OX4W0K4ij1Q,넌 바다야,26642,601
2026-06-29,H-rBnGJ0xWM,작은 약속,44652,427
2026-06-29,b6afis3lmuA,Only for you,23414,160
2026-06-29,-2SkSDzl65Q,나는 너,18563,409
2026-06-29,eIGQOGNHn0Y,이제는 안녕 (영범이에게),24837,194
2026-06-29,upxyzZ9aaDg,투명한 콜라,27372,465
2026-06-29,YGOpr4EP2CE,잊어주세요,7241,131
2026-06-29,Snl3FIO9T80,남겨두고서,13163,180
2026-06-29,K_s-Nr9lp6k,영영,53272,2010
2026-06-29,hme8ULDjQpg,봄이어라,4314,83
2026-06-29,Sv2oTzU6JFs,마지막 1초,6446,115
2026-06-29,qJfGWQl0xjo,하얀 운동화 (feat. 김인디),5610,133
2026-06-29,rFsGrFl5QqU,종이비행기,5584,69
2026-06-29,w1HcX17JYPM,그 한마디,6409,80
2026-06-29,570BJzlYaqU,너의 노래가 될게,30701,948
2026-06-29,f2tVdl7BzIw,마주치지 말걸 그랬어,51135,984
2026-06-29,1HVuTOrf_Ns,사랑한다고 말해볼까요,9568,164
2026-06-29,1kOZilM88g0,여전히 널,45426,719
2026-06-29,VG-gznNRHIQ,스위트피,3908,46
2026-06-29,x2Rv27prn9c,누가 그랬나요,11733,255
2026-06-29,Ot4xAK2T-s0,미안할 건 없지,13036,251
2026-06-29,nlwQFSs9C1c,인공소녀,2942,63
2026-06-29,SctlVInapnA,눈부시게 행복하기를,4486,97
2026-06-29,J1tMAzBHUo8,이 밤이 다정하게 우릴 속여도,2541,44
2026-06-29,mf1SsEWha0U,핑크빛 립스틱,9736,99
2026-06-29,Xl9xoodpb30,첫 번째 비밀,2649,49
2026-06-29,xdRQQ-uV-ew,F&T,4226,40
2026-06-29,OyePmUzjlb4,0이 될 때까지 지워내,187537,3360
2026-06-29,2dNYo-2tlgU,도레미파솔라시도,7147,110
2026-06-29,Z7ITvksAdGM,아직 태어나지 않았나요,3128,50
2026-06-29,KSyWk3ISs4o,달빛도 잠든 거리,4394,58
2026-06-29,oiJmQr3BoDc,멈추지 않는 바람만,13691,223
2026-06-29,HB2VnB5uUz0,"Rewind, Forward",4207,93
2026-06-29,YOp8gxf8HTw,난 여기 있을게,6217,139
2026-06-29,GgntvWwYvu8,Red Juice,2063,32
2026-06-29,IxoVAgHM0Cs,안녕은 영원한 이별이 아니길,108968,1516
2026-06-29,rc8tF5uct_g,봄이 오고 있어,3832,63
2026-06-29,obDaGr188bQ,그대는 알고 있나요,83994,1004
2026-06-29,C-2VvBYgi1Y,부르고 싶은 이름이 되어 버린 너,13159,341
2026-06-29,fp3_BRbeogw,CITY,31,0
2026-06-29,BttPkrdZUtk,고작 꺼낸 한마디가,209,0
2026-06-29,CD2iBBtHWJY,울까요,200,6
2026-06-29,FrsutI3FgsI,달려가고 있어,386,4
2026-06-29,NAEVxyBcox4,보랏빛 사이렌,15245,348
2026-06-29,WCSoJPk7ePQ,널 따라,162,0
2026-06-29,e0zNwl97eME,눈을 감아도,421,6
2026-06-29,fM_jW4SQ6dQ,CITY,4412,43
2026-06-29,pOgM2e9ltco,멍청아,276,2
2026-06-29,yes8AZebW0c,오늘밤엔 꼭,4265,48
2026-06-29,z_NlEEOggzE,부서지길 바래,239,1
2026-06-29,8wFDNGfSZvU,달려가고 있어,3750,58
2026-06-29,bi3lP1CcOTY,고작 꺼낸 한마디가,3840,62
2026-06-29,MqOAcmgJU0M,널 따라,2522,31
2026-06-29,FmwaEEomopk,눈을 감아도,38732,574
2026-06-29,6dtQjvc8n3c,울까요,4992,79
2026-06-29,eIXJnHWgtBk,부서지길 바래,2555,36
2026-06-29,p7KgqfEmyB8,멍청아,3020,49
2026-06-30,igPe3SalZaM,All Right,1598,330
2026-06-30,_3asYN_OV_U,추억은 계절처럼 찾아와,44506,670
2026-06-30,Nr0tzBlONjc,나를 사랑하지 않는 너에게,9386,290
2026-06-30,aWPNx-qvHkk,나를 사랑하지 않는 나에게,2172,37
2026-06-30,OX4W0K4ij1Q,넌 바다야,27147,505
2026-06-30,H-rBnGJ0xWM,작은 약속,45021,369
2026-06-30,b6afis3lmuA,Only for you,23551,137
2026-06-30,-2SkSDzl65Q,나는 너,18889,326
2026-06-30,eIGQOGNHn0Y,이제는 안녕 (영범이에게),24961,124
2026-06-30,upxyzZ9aaDg,투명한 콜라,27683,311
2026-06-30,YGOpr4EP2CE,잊어주세요,7366,125
2026-06-30,Snl3FIO9T80,남겨두고서,13349,186
2026-06-30,K_s-Nr9lp6k,영영,54769,1497
2026-06-30,hme8ULDjQpg,봄이어라,4371,57
2026-06-30,Sv2oTzU6JFs,마지막 1초,6559,113
2026-06-30,qJfGWQl0xjo,하얀 운동화 (feat. 김인디),5739,129
2026-06-30,rFsGrFl5QqU,종이비행기,5662,78
2026-06-30,w1HcX17JYPM,그 한마디,6502,93
2026-06-30,570BJzlYaqU,너의 노래가 될게,31298,597
2026-06-30,f2tVdl7BzIw,마주치지 말걸 그랬어,51969,834
2026-06-30,1HVuTOrf_Ns,사랑한다고 말해볼까요,9735,167
2026-06-30,1kOZilM88g0,여전히 널,46036,610
2026-06-30,VG-gznNRHIQ,스위트피,3963,55
2026-06-30,x2Rv27prn9c,누가 그랬나요,11899,166
2026-06-30,Ot4xAK2T-s0,미안할 건 없지,13221,185
2026-06-30,nlwQFSs9C1c,인공소녀,2983,41
2026-06-30,SctlVInapnA,눈부시게 행복하기를,4564,78
2026-06-30,J1tMAzBHUo8,이 밤이 다정하게 우릴 속여도,2578,37
2026-06-30,mf1SsEWha0U,핑크빛 립스틱,9835,99
2026-06-30,Xl9xoodpb30,첫 번째 비밀,2683,34
2026-06-30,xdRQQ-uV-ew,F&T,4264,38
2026-06-30,OyePmUzjlb4,0이 될 때까지 지워내,190199,2662
2026-06-30,2dNYo-2tlgU,도레미파솔라시도,7272,125
2026-06-30,Z7ITvksAdGM,아직 태어나지 않았나요,3161,33
2026-06-30,KSyWk3ISs4o,달빛도 잠든 거리,4459,65
2026-06-30,oiJmQr3BoDc,멈추지 않는 바람만,13953,262
2026-06-30,HB2VnB5uUz0,"Rewind, Forward",4299,92
2026-06-30,YOp8gxf8HTw,난 여기 있을게,6378,161
2026-06-30,GgntvWwYvu8,Red Juice,2095,32
2026-06-30,IxoVAgHM0Cs,안녕은 영원한 이별이 아니길,110129,1161
2026-06-30,rc8tF5uct_g,봄이 오고 있어,3885,53
2026-06-30,obDaGr188bQ,그대는 알고 있나요,84662,668
2026-06-30,C-2VvBYgi1Y,부르고 싶은 이름이 되어 버린 너,13455,296
2026-06-30,fp3_BRbeogw,CITY,31,0
2026-06-30,BttPkrdZUtk,고작 꺼낸 한마디가,210,1
2026-06-30,CD2iBBtHWJY,울까요,204,4
2026-06-30,FrsutI3FgsI,달려가고 있어,388,2
2026-06-30,NAEVxyBcox4,보랏빛 사이렌,15509,264
2026-06-30,WCSoJPk7ePQ,널 따라,163,1
2026-06-30,e0zNwl97eME,눈을 감아도,424,3
2026-06-30,fM_jW4SQ6dQ,CITY,4445,33
2026-06-30,pOgM2e9ltco,멍청아,276,0
2026-06-30,yes8AZebW0c,오늘밤엔 꼭,4330,65
2026-06-30,z_NlEEOggzE,부서지길 바래,242,3
2026-06-30,8wFDNGfSZvU,달려가고 있어,3788,38
2026-06-30,bi3lP1CcOTY,고작 꺼낸 한마디가,3880,40
2026-06-30,MqOAcmgJU0M,널 따라,2543,21
2026-06-30,FmwaEEomopk,눈을 감아도,39179,447
2026-06-30,6dtQjvc8n3c,울까요,5056,64
2026-06-30,eIXJnHWgtBk,부서지길 바래,2578,23
2026-06-30,p7KgqfEmyB8,멍청아,3047,27
2026-07-01,igPe3SalZaM,All Right,1977,379
2026-07-01,_3asYN_OV_U,추억은 계절처럼 찾아와,45177,671
2026-07-01,Nr0tzBlONjc,나를 사랑하지 않는 너에게,9715,329
2026-07-01,aWPNx-qvHkk,나를 사랑하지 않는 나에게,2227,55
2026-07-01,OX4W0K4ij1Q,넌 바다야,27837,690
2026-07-01,H-rBnGJ0xWM,작은 약속,45551,530
2026-07-01,b6afis3lmuA,Only for you,23713,162
2026-07-01,-2SkSDzl65Q,나는 너,19271,382
2026-07-01,eIGQOGNHn0Y,이제는 안녕 (영범이에게),25123,162
2026-07-01,upxyzZ9aaDg,투명한 콜라,28148,465
2026-07-01,YGOpr4EP2CE,잊어주세요,7474,108
2026-07-01,Snl3FIO9T80,남겨두고서,13508,159
2026-07-01,K_s-Nr9lp6k,영영,56400,1631
2026-07-01,hme8ULDjQpg,봄이어라,4434,63
2026-07-01,Sv2oTzU6JFs,마지막 1초,6672,113
2026-07-01,qJfGWQl0xjo,하얀 운동화 (feat. 김인디),5903,164
2026-07-01,rFsGrFl5QqU,종이비행기,5769,107
2026-07-01,w1HcX17JYPM,그 한마디,6579,77
2026-07-01,570BJzlYaqU,너의 노래가 될게,32136,838
2026-07-01,f2tVdl7BzIw,마주치지 말걸 그랬어,53096,1127
2026-07-01,1HVuTOrf_Ns,사랑한다고 말해볼까요,9876,141
2026-07-01,1kOZilM88g0,여전히 널,46884,848
2026-07-01,VG-gznNRHIQ,스위트피,4030,67
2026-07-01,x2Rv27prn9c,누가 그랬나요,12194,295
2026-07-01,Ot4xAK2T-s0,미안할 건 없지,13430,209
2026-07-01,nlwQFSs9C1c,인공소녀,3025,42
2026-07-01,SctlVInapnA,눈부시게 행복하기를,4696,132
2026-07-01,J1tMAzBHUo8,이 밤이 다정하게 우릴 속여도,2609,31
2026-07-01,mf1SsEWha0U,핑크빛 립스틱,9941,106
2026-07-01,Xl9xoodpb30,첫 번째 비밀,2712,29
2026-07-01,xdRQQ-uV-ew,F&T,4317,53
2026-07-01,OyePmUzjlb4,0이 될 때까지 지워내,192808,2609
2026-07-01,2dNYo-2tlgU,도레미파솔라시도,7395,123
2026-07-01,Z7ITvksAdGM,아직 태어나지 않았나요,3208,47
2026-07-01,KSyWk3ISs4o,달빛도 잠든 거리,4508,49
2026-07-01,oiJmQr3BoDc,멈추지 않는 바람만,14181,228
2026-07-01,HB2VnB5uUz0,"Rewind, Forward",4395,96
2026-07-01,YOp8gxf8HTw,난 여기 있을게,6539,161
2026-07-01,GgntvWwYvu8,Red Juice,2121,26
2026-07-01,IxoVAgHM0Cs,안녕은 영원한 이별이 아니길,111572,1443
2026-07-01,rc8tF5uct_g,봄이 오고 있어,3952,67
2026-07-01,obDaGr188bQ,그대는 알고 있나요,85520,858
2026-07-01,C-2VvBYgi1Y,부르고 싶은 이름이 되어 버린 너,13717,262
2026-07-01,fp3_BRbeogw,CITY,31,0
2026-07-01,BttPkrdZUtk,고작 꺼낸 한마디가,212,2
2026-07-01,CD2iBBtHWJY,울까요,210,6
2026-07-01,FrsutI3FgsI,달려가고 있어,393,5
2026-07-01,NAEVxyBcox4,보랏빛 사이렌,15813,304
2026-07-01,WCSoJPk7ePQ,널 따라,164,1
2026-07-01,e0zNwl97eME,눈을 감아도,428,4
2026-07-01,fM_jW4SQ6dQ,CITY,4482,37
2026-07-01,pOgM2e9ltco,멍청아,279,3
2026-07-01,yes8AZebW0c,오늘밤엔 꼭,4378,48
2026-07-01,z_NlEEOggzE,부서지길 바래,245,3
2026-07-01,8wFDNGfSZvU,달려가고 있어,3837,49
2026-07-01,bi3lP1CcOTY,고작 꺼낸 한마디가,3926,46
2026-07-01,MqOAcmgJU0M,널 따라,2602,59
2026-07-01,FmwaEEomopk,눈을 감아도,39715,536
2026-07-01,6dtQjvc8n3c,울까요,5138,82
2026-07-01,eIXJnHWgtBk,부서지길 바래,2625,47
2026-07-01,p7KgqfEmyB8,멍청아,3085,38
2026-07-03,3kSM8nnaFyk,그대는 날,1,0
2026-07-03,igPe3SalZaM,All Right,2490,513
2026-07-03,_3asYN_OV_U,추억은 계절처럼 찾아와,46089,912
2026-07-03,Nr0tzBlONjc,나를 사랑하지 않는 너에게,10023,308
2026-07-03,aWPNx-qvHkk,나를 사랑하지 않는 나에게,2279,52
2026-07-03,OX4W0K4ij1Q,넌 바다야,28337,500
2026-07-03,H-rBnGJ0xWM,작은 약속,45962,411
2026-07-03,b6afis3lmuA,Only for you,23906,193
2026-07-03,-2SkSDzl65Q,나는 너,19797,526
2026-07-03,eIGQOGNHn0Y,이제는 안녕 (영범이에게),25309,186
2026-07-03,upxyzZ9aaDg,투명한 콜라,28550,402
2026-07-03,YGOpr4EP2CE,잊어주세요,7567,93
2026-07-03,Snl3FIO9T80,남겨두고서,13709,201
2026-07-03,K_s-Nr9lp6k,영영,58022,1622
2026-07-03,hme8ULDjQpg,봄이어라,4525,91
2026-07-03,Sv2oTzU6JFs,마지막 1초,6840,168
2026-07-03,qJfGWQl0xjo,하얀 운동화 (feat. 김인디),6061,158
2026-07-03,rFsGrFl5QqU,종이비행기,5888,119
2026-07-03,w1HcX17JYPM,그 한마디,6658,79
2026-07-03,570BJzlYaqU,너의 노래가 될게,32903,767
2026-07-03,f2tVdl7BzIw,마주치지 말걸 그랬어,54127,1031
2026-07-03,1HVuTOrf_Ns,사랑한다고 말해볼까요,10145,269
2026-07-03,1kOZilM88g0,여전히 널,47735,851
2026-07-03,VG-gznNRHIQ,스위트피,4091,61
2026-07-03,x2Rv27prn9c,누가 그랬나요,12432,238
2026-07-03,Ot4xAK2T-s0,미안할 건 없지,13818,388
2026-07-03,nlwQFSs9C1c,인공소녀,3092,67
2026-07-03,SctlVInapnA,눈부시게 행복하기를,4838,142
2026-07-03,J1tMAzBHUo8,이 밤이 다정하게 우릴 속여도,2649,40
2026-07-03,mf1SsEWha0U,핑크빛 립스틱,10091,150
2026-07-03,Xl9xoodpb30,첫 번째 비밀,2771,59
2026-07-03,xdRQQ-uV-ew,F&T,4366,49
2026-07-03,OyePmUzjlb4,0이 될 때까지 지워내,196185,3377
2026-07-03,2dNYo-2tlgU,도레미파솔라시도,7617,222
2026-07-03,Z7ITvksAdGM,아직 태어나지 않았나요,3268,60
2026-07-03,KSyWk3ISs4o,달빛도 잠든 거리,4599,91
2026-07-03,oiJmQr3BoDc,멈추지 않는 바람만,14434,253
2026-07-03,HB2VnB5uUz0,"Rewind, Forward",4496,101
2026-07-03,YOp8gxf8HTw,난 여기 있을게,6722,183
2026-07-03,GgntvWwYvu8,Red Juice,2168,47
2026-07-03,IxoVAgHM0Cs,안녕은 영원한 이별이 아니길,113129,1557
2026-07-03,rc8tF5uct_g,봄이 오고 있어,4024,72
2026-07-03,obDaGr188bQ,그대는 알고 있나요,86468,948
2026-07-03,C-2VvBYgi1Y,부르고 싶은 이름이 되어 버린 너,14170,453
2026-07-03,fp3_BRbeogw,CITY,31,0
2026-07-03,BttPkrdZUtk,고작 꺼낸 한마디가,213,1
2026-07-03,CD2iBBtHWJY,울까요,212,2
2026-07-03,FrsutI3FgsI,달려가고 있어,396,3
2026-07-03,NAEVxyBcox4,보랏빛 사이렌,16214,401
2026-07-03,WCSoJPk7ePQ,널 따라,165,1
2026-07-03,e0zNwl97eME,눈을 감아도,435,7
2026-07-03,fM_jW4SQ6dQ,CITY,4535,53
2026-07-03,pOgM2e9ltco,멍청아,282,3
2026-07-03,yes8AZebW0c,오늘밤엔 꼭,4432,54
2026-07-03,z_NlEEOggzE,부서지길 바래,246,1
2026-07-03,8wFDNGfSZvU,달려가고 있어,3909,72
2026-07-03,bi3lP1CcOTY,고작 꺼낸 한마디가,4015,89
2026-07-03,MqOAcmgJU0M,널 따라,2645,43
2026-07-03,FmwaEEomopk,눈을 감아도,40276,561
2026-07-03,6dtQjvc8n3c,울까요,5225,87
2026-07-03,eIXJnHWgtBk,부서지길 바래,2669,44
2026-07-03,p7KgqfEmyB8,멍청아,3136,51
2026-07-03,3kSM8nnaFyk,그대는 날,283,282
2026-07-03,igPe3SalZaM,All Right,2774,284
2026-07-03,_3asYN_OV_U,추억은 계절처럼 찾아와,46720,631
2026-07-03,Nr0tzBlONjc,나를 사랑하지 않는 너에게,10258,235
2026-07-03,aWPNx-qvHkk,나를 사랑하지 않는 나에게,2317,38
2026-07-03,OX4W0K4ij1Q,넌 바다야,28754,417
2026-07-03,H-rBnGJ0xWM,작은 약속,46213,251
2026-07-03,b6afis3lmuA,Only for you,24077,171
2026-07-03,-2SkSDzl65Q,나는 너,20071,274
2026-07-03,eIGQOGNHn0Y,이제는 안녕 (영범이에게),25426,117
2026-07-03,upxyzZ9aaDg,투명한 콜라,28882,332
2026-07-03,YGOpr4EP2CE,잊어주세요,7706,139
2026-07-03,Snl3FIO9T80,남겨두고서,13846,137
2026-07-03,K_s-Nr9lp6k,영영,59248,1226
2026-07-03,hme8ULDjQpg,봄이어라,4611,86
2026-07-03,Sv2oTzU6JFs,마지막 1초,6950,110
2026-07-03,qJfGWQl0xjo,하얀 운동화 (feat. 김인디),6181,120
2026-07-03,rFsGrFl5QqU,종이비행기,5958,70
2026-07-03,w1HcX17JYPM,그 한마디,6731,73
2026-07-03,570BJzlYaqU,너의 노래가 될게,33447,544
2026-07-03,f2tVdl7BzIw,마주치지 말걸 그랬어,54918,791
2026-07-03,1HVuTOrf_Ns,사랑한다고 말해볼까요,10267,122
2026-07-03,1kOZilM88g0,여전히 널,48359,624
2026-07-03,VG-gznNRHIQ,스위트피,4128,37
2026-07-03,x2Rv27prn9c,누가 그랬나요,12610,178
2026-07-03,Ot4xAK2T-s0,미안할 건 없지,14059,241
2026-07-03,nlwQFSs9C1c,인공소녀,3121,29
2026-07-03,SctlVInapnA,눈부시게 행복하기를,4934,96
2026-07-03,J1tMAzBHUo8,이 밤이 다정하게 우릴 속여도,2670,21
2026-07-03,mf1SsEWha0U,핑크빛 립스틱,10180,89
2026-07-03,Xl9xoodpb30,첫 번째 비밀,2802,31
2026-07-03,xdRQQ-uV-ew,F&T,4396,30
2026-07-03,OyePmUzjlb4,0이 될 때까지 지워내,198675,2490
2026-07-03,2dNYo-2tlgU,도레미파솔라시도,7736,119
2026-07-03,Z7ITvksAdGM,아직 태어나지 않았나요,3299,31
2026-07-03,KSyWk3ISs4o,달빛도 잠든 거리,4654,55
2026-07-03,oiJmQr3BoDc,멈추지 않는 바람만,14675,241
2026-07-03,HB2VnB5uUz0,"Rewind, Forward",4599,103
2026-07-03,YOp8gxf8HTw,난 여기 있을게,6826,104
2026-07-03,GgntvWwYvu8,Red Juice,2191,23
2026-07-03,IxoVAgHM0Cs,안녕은 영원한 이별이 아니길,114344,1215
2026-07-03,rc8tF5uct_g,봄이 오고 있어,4070,46
2026-07-03,obDaGr188bQ,그대는 알고 있나요,87027,559
2026-07-03,C-2VvBYgi1Y,부르고 싶은 이름이 되어 버린 너,14403,233
2026-07-03,fp3_BRbeogw,CITY,31,0
2026-07-03,BttPkrdZUtk,고작 꺼낸 한마디가,216,3
2026-07-03,CD2iBBtHWJY,울까요,216,4
2026-07-03,FrsutI3FgsI,달려가고 있어,402,6
2026-07-03,NAEVxyBcox4,보랏빛 사이렌,16447,233
2026-07-03,WCSoJPk7ePQ,널 따라,167,2
2026-07-03,e0zNwl97eME,눈을 감아도,444,9
2026-07-03,fM_jW4SQ6dQ,CITY,4563,28
2026-07-03,pOgM2e9ltco,멍청아,285,3
2026-07-03,yes8AZebW0c,오늘밤엔 꼭,4467,35
2026-07-03,z_NlEEOggzE,부서지길 바래,247,1
2026-07-03,8wFDNGfSZvU,달려가고 있어,3950,41
2026-07-03,bi3lP1CcOTY,고작 꺼낸 한마디가,4056,41
2026-07-03,MqOAcmgJU0M,널 따라,2671,26
2026-07-03,FmwaEEomopk,눈을 감아도,40590,314
2026-07-03,6dtQjvc8n3c,울까요,5271,46
2026-07-03,eIXJnHWgtBk,부서지길 바래,2694,25
2026-07-03,p7KgqfEmyB8,멍청아,3168,32
2026-07-04,3kSM8nnaFyk,그대는 날,496,213
2026-07-04,igPe3SalZaM,All Right,3157,383
2026-07-04,_3asYN_OV_U,추억은 계절처럼 찾아와,47333,613
2026-07-04,Nr0tzBlONjc,나를 사랑하지 않는 너에게,10441,183
2026-07-04,aWPNx-qvHkk,나를 사랑하지 않는 나에게,2353,36
2026-07-04,OX4W0K4ij1Q,넌 바다야,29222,468
2026-07-04,H-rBnGJ0xWM,작은 약속,46488,275
2026-07-04,b6afis3lmuA,Only for you,24224,147
2026-07-04,-2SkSDzl65Q,나는 너,20430,359
2026-07-04,eIGQOGNHn0Y,이제는 안녕 (영범이에게),25563,137
2026-07-04,upxyzZ9aaDg,투명한 콜라,29194,312
2026-07-04,YGOpr4EP2CE,잊어주세요,7826,120
2026-07-04,Snl3FIO9T80,남겨두고서,14014,168
2026-07-04,K_s-Nr9lp6k,영영,60717,1469
2026-07-04,hme8ULDjQpg,봄이어라,4662,51
2026-07-04,Sv2oTzU6JFs,마지막 1초,7055,105
2026-07-04,qJfGWQl0xjo,하얀 운동화 (feat. 김인디),6304,123
2026-07-04,rFsGrFl5QqU,종이비행기,6039,81
2026-07-04,w1HcX17JYPM,그 한마디,6847,116
2026-07-04,570BJzlYaqU,너의 노래가 될게,33974,527
2026-07-04,f2tVdl7BzIw,마주치지 말걸 그랬어,55822,904
2026-07-04,1HVuTOrf_Ns,사랑한다고 말해볼까요,10450,183
2026-07-04,1kOZilM88g0,여전히 널,48990,631
2026-07-04,VG-gznNRHIQ,스위트피,4195,67
2026-07-04,x2Rv27prn9c,누가 그랬나요,12860,250
2026-07-04,Ot4xAK2T-s0,미안할 건 없지,14415,356
2026-07-04,nlwQFSs9C1c,인공소녀,3166,45
2026-07-04,SctlVInapnA,눈부시게 행복하기를,5042,108
2026-07-04,J1tMAzBHUo8,이 밤이 다정하게 우릴 속여도,2741,71
2026-07-04,mf1SsEWha0U,핑크빛 립스틱,10255,75
2026-07-04,Xl9xoodpb30,첫 번째 비밀,2833,31
2026-07-04,xdRQQ-uV-ew,F&T,4434,38
2026-07-04,OyePmUzjlb4,0이 될 때까지 지워내,201235,2560
2026-07-04,2dNYo-2tlgU,도레미파솔라시도,7867,131
2026-07-04,Z7ITvksAdGM,아직 태어나지 않았나요,3346,47
2026-07-04,KSyWk3ISs4o,달빛도 잠든 거리,4701,47
2026-07-04,oiJmQr3BoDc,멈추지 않는 바람만,14835,160
2026-07-04,HB2VnB5uUz0,"Rewind, Forward",4690,91
2026-07-04,YOp8gxf8HTw,난 여기 있을게,6944,118
2026-07-04,GgntvWwYvu8,Red Juice,2231,40
2026-07-04,IxoVAgHM0Cs,안녕은 영원한 이별이 아니길,116174,1830
2026-07-04,rc8tF5uct_g,봄이 오고 있어,4117,47
2026-07-04,obDaGr188bQ,그대는 알고 있나요,87861,834
2026-07-04,C-2VvBYgi1Y,부르고 싶은 이름이 되어 버린 너,14789,386
2026-07-04,fp3_BRbeogw,CITY,31,0
2026-07-04,BttPkrdZUtk,고작 꺼낸 한마디가,217,1
2026-07-04,CD2iBBtHWJY,울까요,217,1
2026-07-04,FrsutI3FgsI,달려가고 있어,404,2
2026-07-04,NAEVxyBcox4,보랏빛 사이렌,16713,266
2026-07-04,WCSoJPk7ePQ,널 따라,168,1
2026-07-04,e0zNwl97eME,눈을 감아도,449,5
2026-07-04,fM_jW4SQ6dQ,CITY,4596,33
2026-07-04,pOgM2e9ltco,멍청아,287,2
2026-07-04,yes8AZebW0c,오늘밤엔 꼭,4529,62
2026-07-04,z_NlEEOggzE,부서지길 바래,249,2
2026-07-04,8wFDNGfSZvU,달려가고 있어,3992,42
2026-07-04,bi3lP1CcOTY,고작 꺼낸 한마디가,4100,44
2026-07-04,MqOAcmgJU0M,널 따라,2702,31
2026-07-04,FmwaEEomopk,눈을 감아도,41092,502
2026-07-04,6dtQjvc8n3c,울까요,5345,74
2026-07-04,eIXJnHWgtBk,부서지길 바래,2728,34
2026-07-04,p7KgqfEmyB8,멍청아,3204,36
2026-07-05,3kSM8nnaFyk,그대는 날,693,197
2026-07-05,igPe3SalZaM,All Right,3753,596
2026-07-05,_3asYN_OV_U,추억은 계절처럼 찾아와,47831,498
2026-07-05,Nr0tzBlONjc,나를 사랑하지 않는 너에게,10646,205
2026-07-05,aWPNx-qvHkk,나를 사랑하지 않는 나에게,2380,27
2026-07-05,OX4W0K4ij1Q,넌 바다야,29572,350
2026-07-05,H-rBnGJ0xWM,작은 약속,46773,285
2026-07-05,b6afis3lmuA,Only for you,24349,125
2026-07-05,-2SkSDzl65Q,나는 너,20767,337
2026-07-05,eIGQOGNHn0Y,이제는 안녕 (영범이에게),25649,86
2026-07-05,upxyzZ9aaDg,투명한 콜라,29479,285
2026-07-05,YGOpr4EP2CE,잊어주세요,7901,75
2026-07-05,Snl3FIO9T80,남겨두고서,14129,115
2026-07-05,K_s-Nr9lp6k,영영,62063,1346
2026-07-05,hme8ULDjQpg,봄이어라,4720,58
2026-07-05,Sv2oTzU6JFs,마지막 1초,7108,53
2026-07-05,qJfGWQl0xjo,하얀 운동화 (feat. 김인디),6407,103
2026-07-05,rFsGrFl5QqU,종이비행기,6085,46
2026-07-05,w1HcX17JYPM,그 한마디,6897,50
2026-07-05,570BJzlYaqU,너의 노래가 될게,34513,539
2026-07-05,f2tVdl7BzIw,마주치지 말걸 그랬어,56581,759
2026-07-05,1HVuTOrf_Ns,사랑한다고 말해볼까요,10592,142
2026-07-05,1kOZilM88g0,여전히 널,49467,477
2026-07-05,VG-gznNRHIQ,스위트피,4250,55
2026-07-05,x2Rv27prn9c,누가 그랬나요,13019,159
2026-07-05,Ot4xAK2T-s0,미안할 건 없지,14640,225
2026-07-05,nlwQFSs9C1c,인공소녀,3195,29
2026-07-05,SctlVInapnA,눈부시게 행복하기를,5103,61
2026-07-05,J1tMAzBHUo8,이 밤이 다정하게 우릴 속여도,2763,22
2026-07-05,mf1SsEWha0U,핑크빛 립스틱,10359,104
2026-07-05,Xl9xoodpb30,첫 번째 비밀,2855,22
2026-07-05,xdRQQ-uV-ew,F&T,4464,30
2026-07-05,OyePmUzjlb4,0이 될 때까지 지워내,203736,2501
2026-07-05,2dNYo-2tlgU,도레미파솔라시도,7939,72
2026-07-05,Z7ITvksAdGM,아직 태어나지 않았나요,3379,33
2026-07-05,KSyWk3ISs4o,달빛도 잠든 거리,4743,42
2026-07-05,oiJmQr3BoDc,멈추지 않는 바람만,15052,217
2026-07-05,HB2VnB5uUz0,"Rewind, Forward",4780,90
2026-07-05,YOp8gxf8HTw,난 여기 있을게,7044,100
2026-07-05,GgntvWwYvu8,Red Juice,2250,19
2026-07-05,IxoVAgHM0Cs,안녕은 영원한 이별이 아니길,117432,1258
2026-07-05,rc8tF5uct_g,봄이 오고 있어,4167,50
2026-07-05,obDaGr188bQ,그대는 알고 있나요,88454,593
2026-07-05,C-2VvBYgi1Y,부르고 싶은 이름이 되어 버린 너,15113,324
2026-07-05,fp3_BRbeogw,CITY,31,0
2026-07-05,BttPkrdZUtk,고작 꺼낸 한마디가,218,1
2026-07-05,CD2iBBtHWJY,울까요,221,4
2026-07-05,FrsutI3FgsI,달려가고 있어,406,2
2026-07-05,NAEVxyBcox4,보랏빛 사이렌,16896,183
2026-07-05,WCSoJPk7ePQ,널 따라,169,1
2026-07-05,e0zNwl97eME,눈을 감아도,452,3
2026-07-05,fM_jW4SQ6dQ,CITY,4626,30
2026-07-05,pOgM2e9ltco,멍청아,289,2
2026-07-05,yes8AZebW0c,오늘밤엔 꼭,4560,31
2026-07-05,z_NlEEOggzE,부서지길 바래,249,0
2026-07-05,8wFDNGfSZvU,달려가고 있어,4026,34
2026-07-05,bi3lP1CcOTY,고작 꺼낸 한마디가,4135,35
2026-07-05,MqOAcmgJU0M,널 따라,2730,28
2026-07-05,FmwaEEomopk,눈을 감아도,41478,386
2026-07-05,6dtQjvc8n3c,울까요,5410,65
2026-07-05,eIXJnHWgtBk,부서지길 바래,2752,24
2026-07-05,p7KgqfEmyB8,멍청아,3234,30
2026-07-06,3kSM8nnaFyk,그대는 날,1065,372
2026-07-06,igPe3SalZaM,All Right,4257,504
2026-07-06,_3asYN_OV_U,추억은 계절처럼 찾아와,48499,668
2026-07-06,Nr0tzBlONjc,나를 사랑하지 않는 너에게,10858,212
2026-07-06,aWPNx-qvHkk,나를 사랑하지 않는 나에게,2424,44
2026-07-06,OX4W0K4ij1Q,넌 바다야,30008,436
2026-07-06,H-rBnGJ0xWM,작은 약속,47078,305
2026-07-06,b6afis3lmuA,Only for you,24510,161
2026-07-06,-2SkSDzl65Q,나는 너,21101,334
2026-07-06,eIGQOGNHn0Y,이제는 안녕 (영범이에게),25763,114
2026-07-06,upxyzZ9aaDg,투명한 콜라,29821,342
2026-07-06,YGOpr4EP2CE,잊어주세요,8035,134
2026-07-06,Snl3FIO9T80,남겨두고서,14314,185
2026-07-06,K_s-Nr9lp6k,영영,64054,1991
2026-07-06,hme8ULDjQpg,봄이어라,4790,70
2026-07-06,Sv2oTzU6JFs,마지막 1초,7192,84
2026-07-06,qJfGWQl0xjo,하얀 운동화 (feat. 김인디),6529,122
2026-07-06,rFsGrFl5QqU,종이비행기,6172,87
2026-07-06,w1HcX17JYPM,그 한마디,6990,93
2026-07-06,570BJzlYaqU,너의 노래가 될게,35303,790
2026-07-06,f2tVdl7BzIw,마주치지 말걸 그랬어,57401,820
2026-07-06,1HVuTOrf_Ns,사랑한다고 말해볼까요,10748,156
2026-07-06,1kOZilM88g0,여전히 널,50132,665
2026-07-06,VG-gznNRHIQ,스위트피,4292,42
2026-07-06,x2Rv27prn9c,누가 그랬나요,13246,227
2026-07-06,Ot4xAK2T-s0,미안할 건 없지,14889,249
2026-07-06,nlwQFSs9C1c,인공소녀,3252,57
2026-07-06,SctlVInapnA,눈부시게 행복하기를,5225,122
2026-07-06,J1tMAzBHUo8,이 밤이 다정하게 우릴 속여도,2810,47
2026-07-06,mf1SsEWha0U,핑크빛 립스틱,10445,86
2026-07-06,Xl9xoodpb30,첫 번째 비밀,2900,45
2026-07-06,xdRQQ-uV-ew,F&T,4507,43
2026-07-06,OyePmUzjlb4,0이 될 때까지 지워내,207356,3620
2026-07-06,2dNYo-2tlgU,도레미파솔라시도,8024,85
2026-07-06,Z7ITvksAdGM,아직 태어나지 않았나요,3422,43
2026-07-06,KSyWk3ISs4o,달빛도 잠든 거리,4793,50
2026-07-06,oiJmQr3BoDc,멈추지 않는 바람만,15271,219
2026-07-06,HB2VnB5uUz0,"Rewind, Forward",4894,114
2026-07-06,YOp8gxf8HTw,난 여기 있을게,7177,133
2026-07-06,GgntvWwYvu8,Red Juice,2280,30
2026-07-06,IxoVAgHM0Cs,안녕은 영원한 이별이 아니길,118866,1434
2026-07-06,rc8tF5uct_g,봄이 오고 있어,4226,59
2026-07-06,obDaGr188bQ,그대는 알고 있나요,89202,748
2026-07-06,C-2VvBYgi1Y,부르고 싶은 이름이 되어 버린 너,15739,626
2026-07-06,fp3_BRbeogw,CITY,31,0
2026-07-06,BttPkrdZUtk,고작 꺼낸 한마디가,220,2
2026-07-06,CD2iBBtHWJY,울까요,223,2
2026-07-06,FrsutI3FgsI,달려가고 있어,408,2
2026-07-06,NAEVxyBcox4,보랏빛 사이렌,17198,302
2026-07-06,WCSoJPk7ePQ,널 따라,170,1
2026-07-06,e0zNwl97eME,눈을 감아도,457,5
2026-07-06,fM_jW4SQ6dQ,CITY,4664,38
2026-07-06,pOgM2e9ltco,멍청아,291,2
2026-07-06,yes8AZebW0c,오늘밤엔 꼭,4621,61
2026-07-06,z_NlEEOggzE,부서지길 바래,250,1
2026-07-06,8wFDNGfSZvU,달려가고 있어,4079,53
2026-07-06,bi3lP1CcOTY,고작 꺼낸 한마디가,4175,40
2026-07-06,MqOAcmgJU0M,널 따라,2767,37
2026-07-06,FmwaEEomopk,눈을 감아도,41933,455
2026-07-06,6dtQjvc8n3c,울까요,5490,80
2026-07-06,eIXJnHWgtBk,부서지길 바래,2788,36
2026-07-06,p7KgqfEmyB8,멍청아,3262,28
2026-07-07,3kSM8nnaFyk,그대는 날,1202,137
2026-07-07,igPe3SalZaM,All Right,4723,466
2026-07-07,_3asYN_OV_U,추억은 계절처럼 찾아와,48987,488
2026-07-07,Nr0tzBlONjc,나를 사랑하지 않는 너에게,11014,156
2026-07-07,aWPNx-qvHkk,나를 사랑하지 않는 나에게,2454,30
2026-07-07,OX4W0K4ij1Q,넌 바다야,30616,608
2026-07-07,H-rBnGJ0xWM,작은 약속,47346,268
2026-07-07,b6afis3lmuA,Only for you,24650,140
2026-07-07,-2SkSDzl65Q,나는 너,21423,322
2026-07-07,eIGQOGNHn0Y,이제는 안녕 (영범이에게),25863,100
2026-07-07,upxyzZ9aaDg,투명한 콜라,30145,324
2026-07-07,YGOpr4EP2CE,잊어주세요,8162,127
2026-07-07,Snl3FIO9T80,남겨두고서,14466,152
2026-07-07,K_s-Nr9lp6k,영영,65460,1406
2026-07-07,hme8ULDjQpg,봄이어라,4860,70
2026-07-07,Sv2oTzU6JFs,마지막 1초,7269,77
2026-07-07,qJfGWQl0xjo,하얀 운동화 (feat. 김인디),6628,99
2026-07-07,rFsGrFl5QqU,종이비행기,6240,68
2026-07-07,w1HcX17JYPM,그 한마디,7064,74
2026-07-07,570BJzlYaqU,너의 노래가 될게,35951,648
2026-07-07,f2tVdl7BzIw,마주치지 말걸 그랬어,58174,773
2026-07-07,1HVuTOrf_Ns,사랑한다고 말해볼까요,10957,209
2026-07-07,1kOZilM88g0,여전히 널,50721,589
2026-07-07,VG-gznNRHIQ,스위트피,4326,34
2026-07-07,x2Rv27prn9c,누가 그랬나요,13454,208
2026-07-07,Ot4xAK2T-s0,미안할 건 없지,15204,315
2026-07-07,nlwQFSs9C1c,인공소녀,3295,43
2026-07-07,SctlVInapnA,눈부시게 행복하기를,5341,116
2026-07-07,J1tMAzBHUo8,이 밤이 다정하게 우릴 속여도,2842,32
2026-07-07,mf1SsEWha0U,핑크빛 립스틱,10533,88
2026-07-07,Xl9xoodpb30,첫 번째 비밀,2929,29
2026-07-07,xdRQQ-uV-ew,F&T,4534,27
2026-07-07,OyePmUzjlb4,0이 될 때까지 지워내,210379,3023
2026-07-07,2dNYo-2tlgU,도레미파솔라시도,8119,95
2026-07-07,Z7ITvksAdGM,아직 태어나지 않았나요,3475,53
2026-07-07,KSyWk3ISs4o,달빛도 잠든 거리,4853,60
2026-07-07,oiJmQr3BoDc,멈추지 않는 바람만,15513,242
2026-07-07,HB2VnB5uUz0,"Rewind, Forward",4978,84
2026-07-07,YOp8gxf8HTw,난 여기 있을게,7350,173
2026-07-07,GgntvWwYvu8,Red Juice,2292,12
2026-07-07,IxoVAgHM0Cs,안녕은 영원한 이별이 아니길,120022,1156
2026-07-07,rc8tF5uct_g,봄이 오고 있어,4274,48
2026-07-07,obDaGr188bQ,그대는 알고 있나요,89958,756
2026-07-07,C-2VvBYgi1Y,부르고 싶은 이름이 되어 버린 너,16099,360
2026-07-07,fp3_BRbeogw,CITY,31,0
2026-07-07,BttPkrdZUtk,고작 꺼낸 한마디가,220,0
2026-07-07,CD2iBBtHWJY,울까요,223,0
2026-07-07,FrsutI3FgsI,달려가고 있어,413,5
2026-07-07,NAEVxyBcox4,보랏빛 사이렌,17516,318
2026-07-07,WCSoJPk7ePQ,널 따라,170,0
2026-07-07,e0zNwl97eME,눈을 감아도,463,6
2026-07-07,fM_jW4SQ6dQ,CITY,4680,16
2026-07-07,pOgM2e9ltco,멍청아,292,1
2026-07-07,yes8AZebW0c,오늘밤엔 꼭,4671,50
2026-07-07,z_NlEEOggzE,부서지길 바래,253,3
2026-07-07,8wFDNGfSZvU,달려가고 있어,4117,38
2026-07-07,bi3lP1CcOTY,고작 꺼낸 한마디가,4226,51
2026-07-07,MqOAcmgJU0M,널 따라,2799,32
2026-07-07,FmwaEEomopk,눈을 감아도,42277,344
2026-07-07,6dtQjvc8n3c,울까요,5571,81
2026-07-07,eIXJnHWgtBk,부서지길 바래,2812,24
2026-07-07,p7KgqfEmyB8,멍청아,3305,43
2026-07-08,3kSM8nnaFyk,그대는 날,1402,200
2026-07-08,igPe3SalZaM,All Right,5339,616
2026-07-08,_3asYN_OV_U,추억은 계절처럼 찾아와,49530,543
2026-07-08,Nr0tzBlONjc,나를 사랑하지 않는 너에게,11224,210
2026-07-08,aWPNx-qvHkk,나를 사랑하지 않는 나에게,2498,44
2026-07-08,OX4W0K4ij1Q,넌 바다야,31004,388
2026-07-08,H-rBnGJ0xWM,작은 약속,47640,294
2026-07-08,b6afis3lmuA,Only for you,24795,145
2026-07-08,-2SkSDzl65Q,나는 너,21706,283
2026-07-08,eIGQOGNHn0Y,이제는 안녕 (영범이에게),25974,111
2026-07-08,upxyzZ9aaDg,투명한 콜라,30450,305
2026-07-08,YGOpr4EP2CE,잊어주세요,8249,87
2026-07-08,Snl3FIO9T80,남겨두고서,14616,150
2026-07-08,K_s-Nr9lp6k,영영,66725,1265
2026-07-08,hme8ULDjQpg,봄이어라,4941,81
2026-07-08,Sv2oTzU6JFs,마지막 1초,7349,80
2026-07-08,qJfGWQl0xjo,하얀 운동화 (feat. 김인디),6737,109
2026-07-08,rFsGrFl5QqU,종이비행기,6297,57
2026-07-08,w1HcX17JYPM,그 한마디,7131,67
2026-07-08,570BJzlYaqU,너의 노래가 될게,36478,527
2026-07-08,f2tVdl7BzIw,마주치지 말걸 그랬어,59125,951
2026-07-08,1HVuTOrf_Ns,사랑한다고 말해볼까요,11107,150
2026-07-08,1kOZilM88g0,여전히 널,51332,611
2026-07-08,VG-gznNRHIQ,스위트피,4352,26
2026-07-08,x2Rv27prn9c,누가 그랬나요,13685,231
2026-07-08,Ot4xAK2T-s0,미안할 건 없지,15506,302
2026-07-08,nlwQFSs9C1c,인공소녀,3335,40
2026-07-08,SctlVInapnA,눈부시게 행복하기를,5432,91
2026-07-08,J1tMAzBHUo8,이 밤이 다정하게 우릴 속여도,2881,39
2026-07-08,mf1SsEWha0U,핑크빛 립스틱,10643,110
2026-07-08,Xl9xoodpb30,첫 번째 비밀,2971,42
2026-07-08,xdRQQ-uV-ew,F&T,4567,33
2026-07-08,OyePmUzjlb4,0이 될 때까지 지워내,213264,2885
2026-07-08,2dNYo-2tlgU,도레미파솔라시도,8246,127
2026-07-08,Z7ITvksAdGM,아직 태어나지 않았나요,3503,28
2026-07-08,KSyWk3ISs4o,달빛도 잠든 거리,4900,47
2026-07-08,oiJmQr3BoDc,멈추지 않는 바람만,15747,234
2026-07-08,HB2VnB5uUz0,"Rewind, Forward",5083,105
2026-07-08,YOp8gxf8HTw,난 여기 있을게,7500,150
2026-07-08,GgntvWwYvu8,Red Juice,2312,20
2026-07-08,IxoVAgHM0Cs,안녕은 영원한 이별이 아니길,121221,1199
2026-07-08,rc8tF5uct_g,봄이 오고 있어,4330,56
2026-07-08,obDaGr188bQ,그대는 알고 있나요,90700,742
2026-07-08,C-2VvBYgi1Y,부르고 싶은 이름이 되어 버린 너,16454,355
2026-07-08,fp3_BRbeogw,CITY,32,1
2026-07-08,BttPkrdZUtk,고작 꺼낸 한마디가,220,0
2026-07-08,CD2iBBtHWJY,울까요,224,1
2026-07-08,FrsutI3FgsI,달려가고 있어,415,2
2026-07-08,NAEVxyBcox4,보랏빛 사이렌,17863,347
2026-07-08,WCSoJPk7ePQ,널 따라,170,0
2026-07-08,e0zNwl97eME,눈을 감아도,465,2
2026-07-08,fM_jW4SQ6dQ,CITY,4708,28
2026-07-08,pOgM2e9ltco,멍청아,293,1
2026-07-08,yes8AZebW0c,오늘밤엔 꼭,4724,53
2026-07-08,z_NlEEOggzE,부서지길 바래,254,1
2026-07-08,8wFDNGfSZvU,달려가고 있어,4154,37
2026-07-08,bi3lP1CcOTY,고작 꺼낸 한마디가,4270,44
2026-07-08,MqOAcmgJU0M,널 따라,2823,24
2026-07-08,FmwaEEomopk,눈을 감아도,42759,482
2026-07-08,6dtQjvc8n3c,울까요,5642,71
2026-07-08,eIXJnHWgtBk,부서지길 바래,2844,32
2026-07-08,p7KgqfEmyB8,멍청아,3330,25
2026-07-09,RMWR7fuyPY4,한 뼘,0,0
2026-07-09,3kSM8nnaFyk,그대는 날,1545,143
2026-07-09,igPe3SalZaM,All Right,5954,615
2026-07-09,_3asYN_OV_U,추억은 계절처럼 찾아와,50060,530
2026-07-09,Nr0tzBlONjc,나를 사랑하지 않는 너에게,11516,292
2026-07-09,aWPNx-qvHkk,나를 사랑하지 않는 나에게,2527,29
2026-07-09,OX4W0K4ij1Q,넌 바다야,31509,505
2026-07-09,H-rBnGJ0xWM,작은 약속,48046,406
2026-07-09,b6afis3lmuA,Only for you,24945,150
2026-07-09,-2SkSDzl65Q,나는 너,22023,317
2026-07-09,eIGQOGNHn0Y,이제는 안녕 (영범이에게),26159,185
2026-07-09,upxyzZ9aaDg,투명한 콜라,30884,434
2026-07-09,YGOpr4EP2CE,잊어주세요,8431,182
2026-07-09,Snl3FIO9T80,남겨두고서,14819,203
2026-07-09,K_s-Nr9lp6k,영영,68382,1657
2026-07-09,hme8ULDjQpg,봄이어라,5021,80
2026-07-09,Sv2oTzU6JFs,마지막 1초,7431,82
2026-07-09,qJfGWQl0xjo,하얀 운동화 (feat. 김인디),6876,139
2026-07-09,rFsGrFl5QqU,종이비행기,6348,51
2026-07-09,w1HcX17JYPM,그 한마디,7192,61
2026-07-09,570BJzlYaqU,너의 노래가 될게,37123,645
2026-07-09,f2tVdl7BzIw,마주치지 말걸 그랬어,60072,947
2026-07-09,1HVuTOrf_Ns,사랑한다고 말해볼까요,11270,163
2026-07-09,1kOZilM88g0,여전히 널,52229,897
2026-07-09,VG-gznNRHIQ,스위트피,4410,58
2026-07-09,x2Rv27prn9c,누가 그랬나요,13940,255
2026-07-09,Ot4xAK2T-s0,미안할 건 없지,15809,303
2026-07-09,nlwQFSs9C1c,인공소녀,3387,52
2026-07-09,SctlVInapnA,눈부시게 행복하기를,5592,160
2026-07-09,J1tMAzBHUo8,이 밤이 다정하게 우릴 속여도,2918,37
2026-07-09,mf1SsEWha0U,핑크빛 립스틱,10744,101
2026-07-09,Xl9xoodpb30,첫 번째 비밀,3005,34
2026-07-09,xdRQQ-uV-ew,F&T,4601,34
2026-07-09,OyePmUzjlb4,0이 될 때까지 지워내,216719,3455
2026-07-09,2dNYo-2tlgU,도레미파솔라시도,8393,147
2026-07-09,Z7ITvksAdGM,아직 태어나지 않았나요,3567,64
2026-07-09,KSyWk3ISs4o,달빛도 잠든 거리,4967,67
2026-07-09,oiJmQr3BoDc,멈추지 않는 바람만,15990,243
2026-07-09,HB2VnB5uUz0,"Rewind, Forward",5228,145
2026-07-09,YOp8gxf8HTw,난 여기 있을게,7719,219
2026-07-09,GgntvWwYvu8,Red Juice,2345,33
2026-07-09,IxoVAgHM0Cs,안녕은 영원한 이별이 아니길,122953,1732
2026-07-09,rc8tF5uct_g,봄이 오고 있어,4393,63
2026-07-09,obDaGr188bQ,그대는 알고 있나요,91554,854
2026-07-09,C-2VvBYgi1Y,부르고 싶은 이름이 되어 버린 너,16904,450
2026-07-09,fp3_BRbeogw,CITY,32,0
2026-07-09,BttPkrdZUtk,고작 꺼낸 한마디가,221,1
2026-07-09,CD2iBBtHWJY,울까요,225,1
2026-07-09,FrsutI3FgsI,달려가고 있어,418,3
2026-07-09,NAEVxyBcox4,보랏빛 사이렌,18221,358
2026-07-09,WCSoJPk7ePQ,널 따라,173,3
2026-07-09,e0zNwl97eME,눈을 감아도,469,4
2026-07-09,fM_jW4SQ6dQ,CITY,4745,37
2026-07-09,pOgM2e9ltco,멍청아,299,6
2026-07-09,yes8AZebW0c,오늘밤엔 꼭,4791,67
2026-07-09,z_NlEEOggzE,부서지길 바래,257,3
2026-07-09,8wFDNGfSZvU,달려가고 있어,4201,47
2026-07-09,bi3lP1CcOTY,고작 꺼낸 한마디가,4329,59
2026-07-09,MqOAcmgJU0M,널 따라,2869,46
2026-07-09,FmwaEEomopk,눈을 감아도,43249,490
2026-07-09,6dtQjvc8n3c,울까요,5718,76
2026-07-09,eIXJnHWgtBk,부서지길 바래,2886,42
2026-07-09,p7KgqfEmyB8,멍청아,3368,38
2026-07-10,RMWR7fuyPY4,한 뼘,263,263
2026-07-10,3kSM8nnaFyk,그대는 날,1674,129
2026-07-10,igPe3SalZaM,All Right,6273,319
2026-07-10,_3asYN_OV_U,추억은 계절처럼 찾아와,50642,582
2026-07-10,Nr0tzBlONjc,나를 사랑하지 않는 너에게,11685,169
2026-07-10,aWPNx-qvHkk,나를 사랑하지 않는 나에게,2564,37
2026-07-10,OX4W0K4ij1Q,넌 바다야,32131,622
2026-07-10,H-rBnGJ0xWM,작은 약속,48400,354
2026-07-10,b6afis3lmuA,Only for you,25129,184
2026-07-10,-2SkSDzl65Q,나는 너,22329,306
2026-07-10,eIGQOGNHn0Y,이제는 안녕 (영범이에게),26285,126
2026-07-10,upxyzZ9aaDg,투명한 콜라,31272,388
2026-07-10,YGOpr4EP2CE,잊어주세요,8625,194
2026-07-10,Snl3FIO9T80,남겨두고서,14982,163
2026-07-10,K_s-Nr9lp6k,영영,69805,1423
2026-07-10,hme8ULDjQpg,봄이어라,5096,75
2026-07-10,Sv2oTzU6JFs,마지막 1초,7534,103
2026-07-10,qJfGWQl0xjo,하얀 운동화 (feat. 김인디),6991,115
2026-07-10,rFsGrFl5QqU,종이비행기,6439,91
2026-07-10,w1HcX17JYPM,그 한마디,7278,86
2026-07-10,570BJzlYaqU,너의 노래가 될게,37792,669
2026-07-10,f2tVdl7BzIw,마주치지 말걸 그랬어,60974,902
2026-07-10,1HVuTOrf_Ns,사랑한다고 말해볼까요,11441,171
2026-07-10,1kOZilM88g0,여전히 널,52952,723
2026-07-10,VG-gznNRHIQ,스위트피,4481,71
2026-07-10,x2Rv27prn9c,누가 그랬나요,14209,269
2026-07-10,Ot4xAK2T-s0,미안할 건 없지,16106,297
2026-07-10,nlwQFSs9C1c,인공소녀,3448,61
2026-07-10,SctlVInapnA,눈부시게 행복하기를,5729,137
2026-07-10,J1tMAzBHUo8,이 밤이 다정하게 우릴 속여도,2959,41
2026-07-10,mf1SsEWha0U,핑크빛 립스틱,10841,97
2026-07-10,Xl9xoodpb30,첫 번째 비밀,3039,34
2026-07-10,xdRQQ-uV-ew,F&T,4637,36
2026-07-10,OyePmUzjlb4,0이 될 때까지 지워내,220133,3414
2026-07-10,2dNYo-2tlgU,도레미파솔라시도,8485,92
2026-07-10,Z7ITvksAdGM,아직 태어나지 않았나요,3616,49
2026-07-10,KSyWk3ISs4o,달빛도 잠든 거리,5018,51
2026-07-10,oiJmQr3BoDc,멈추지 않는 바람만,16206,216
2026-07-10,HB2VnB5uUz0,"Rewind, Forward",5352,124
2026-07-10,YOp8gxf8HTw,난 여기 있을게,7997,278
2026-07-10,GgntvWwYvu8,Red Juice,2369,24
2026-07-10,IxoVAgHM0Cs,안녕은 영원한 이별이 아니길,124735,1782
2026-07-10,rc8tF5uct_g,봄이 오고 있어,4445,52
2026-07-10,obDaGr188bQ,그대는 알고 있나요,92202,648
2026-07-10,C-2VvBYgi1Y,부르고 싶은 이름이 되어 버린 너,17390,486
2026-07-10,fp3_BRbeogw,CITY,32,0
2026-07-10,BttPkrdZUtk,고작 꺼낸 한마디가,225,4
2026-07-10,CD2iBBtHWJY,울까요,229,4
2026-07-10,FrsutI3FgsI,달려가고 있어,425,7
2026-07-10,NAEVxyBcox4,보랏빛 사이렌,18534,313
2026-07-10,WCSoJPk7ePQ,널 따라,176,3
2026-07-10,e0zNwl97eME,눈을 감아도,472,3
2026-07-10,fM_jW4SQ6dQ,CITY,4763,18
2026-07-10,pOgM2e9ltco,멍청아,301,2
2026-07-10,yes8AZebW0c,오늘밤엔 꼭,4872,81
2026-07-10,z_NlEEOggzE,부서지길 바래,262,5
2026-07-10,8wFDNGfSZvU,달려가고 있어,4262,61
2026-07-10,bi3lP1CcOTY,고작 꺼낸 한마디가,4386,57
2026-07-10,MqOAcmgJU0M,널 따라,2899,30
2026-07-10,FmwaEEomopk,눈을 감아도,43652,403
2026-07-10,6dtQjvc8n3c,울까요,5793,75
2026-07-10,eIXJnHWgtBk,부서지길 바래,2914,28
2026-07-10,p7KgqfEmyB8,멍청아,3416,48
2026-07-11,RMWR7fuyPY4,한 뼘,530,267
2026-07-11,3kSM8nnaFyk,그대는 날,1753,79
2026-07-11,igPe3SalZaM,All Right,6586,313
2026-07-11,_3asYN_OV_U,추억은 계절처럼 찾아와,51173,531
2026-07-11,Nr0tzBlONjc,나를 사랑하지 않는 너에게,11912,227
2026-07-11,aWPNx-qvHkk,나를 사랑하지 않는 나에게,2580,16
2026-07-11,OX4W0K4ij1Q,넌 바다야,32616,485
2026-07-11,H-rBnGJ0xWM,작은 약속,48692,292
2026-07-11,b6afis3lmuA,Only for you,25257,128
2026-07-11,-2SkSDzl65Q,나는 너,22612,283
2026-07-11,eIGQOGNHn0Y,이제는 안녕 (영범이에게),26389,104
2026-07-11,upxyzZ9aaDg,투명한 콜라,31555,283
2026-07-11,YGOpr4EP2CE,잊어주세요,8723,98
2026-07-11,Snl3FIO9T80,남겨두고서,15150,168
2026-07-11,K_s-Nr9lp6k,영영,71155,1350
2026-07-11,hme8ULDjQpg,봄이어라,5164,68
2026-07-11,Sv2oTzU6JFs,마지막 1초,7640,106
2026-07-11,qJfGWQl0xjo,하얀 운동화 (feat. 김인디),7105,114
2026-07-11,rFsGrFl5QqU,종이비행기,6516,77
2026-07-11,w1HcX17JYPM,그 한마디,7344,66
2026-07-11,570BJzlYaqU,너의 노래가 될게,38395,603
2026-07-11,f2tVdl7BzIw,마주치지 말걸 그랬어,61819,845
2026-07-11,1HVuTOrf_Ns,사랑한다고 말해볼까요,11584,143
2026-07-11,1kOZilM88g0,여전히 널,53531,579
2026-07-11,VG-gznNRHIQ,스위트피,4517,36
2026-07-11,x2Rv27prn9c,누가 그랬나요,14415,206
2026-07-11,Ot4xAK2T-s0,미안할 건 없지,16347,241
2026-07-11,nlwQFSs9C1c,인공소녀,3486,38
2026-07-11,SctlVInapnA,눈부시게 행복하기를,5818,89
2026-07-11,J1tMAzBHUo8,이 밤이 다정하게 우릴 속여도,2994,35
2026-07-11,mf1SsEWha0U,핑크빛 립스틱,10927,86
2026-07-11,Xl9xoodpb30,첫 번째 비밀,3075,36
2026-07-11,xdRQQ-uV-ew,F&T,4669,32
2026-07-11,OyePmUzjlb4,0이 될 때까지 지워내,222942,2809
2026-07-11,2dNYo-2tlgU,도레미파솔라시도,8581,96
2026-07-11,Z7ITvksAdGM,아직 태어나지 않았나요,3653,37
2026-07-11,KSyWk3ISs4o,달빛도 잠든 거리,5063,45
2026-07-11,oiJmQr3BoDc,멈추지 않는 바람만,16397,191
2026-07-11,HB2VnB5uUz0,"Rewind, Forward",5458,106
2026-07-11,YOp8gxf8HTw,난 여기 있을게,8225,228
2026-07-11,GgntvWwYvu8,Red Juice,2394,25
2026-07-11,IxoVAgHM0Cs,안녕은 영원한 이별이 아니길,125935,1200
2026-07-11,rc8tF5uct_g,봄이 오고 있어,4482,37
2026-07-11,obDaGr188bQ,그대는 알고 있나요,92928,726
2026-07-11,C-2VvBYgi1Y,부르고 싶은 이름이 되어 버린 너,17864,474
2026-07-11,fp3_BRbeogw,CITY,33,1
2026-07-11,BttPkrdZUtk,고작 꺼낸 한마디가,226,1
2026-07-11,CD2iBBtHWJY,울까요,230,1
2026-07-11,FrsutI3FgsI,달려가고 있어,426,1
2026-07-11,NAEVxyBcox4,보랏빛 사이렌,18849,315
2026-07-11,WCSoJPk7ePQ,널 따라,176,0
2026-07-11,e0zNwl97eME,눈을 감아도,473,1
2026-07-11,fM_jW4SQ6dQ,CITY,4793,30
2026-07-11,pOgM2e9ltco,멍청아,302,1
2026-07-11,yes8AZebW0c,오늘밤엔 꼭,4918,46
2026-07-11,z_NlEEOggzE,부서지길 바래,263,1
2026-07-11,8wFDNGfSZvU,달려가고 있어,4291,29
2026-07-11,bi3lP1CcOTY,고작 꺼낸 한마디가,4437,51
2026-07-11,MqOAcmgJU0M,널 따라,2942,43
2026-07-11,FmwaEEomopk,눈을 감아도,44026,374
2026-07-11,6dtQjvc8n3c,울까요,5856,63
2026-07-11,eIXJnHWgtBk,부서지길 바래,2949,35
2026-07-11,p7KgqfEmyB8,멍청아,3453,37
2026-07-12,RMWR7fuyPY4,한 뼘,646,116
2026-07-12,3kSM8nnaFyk,그대는 날,1829,76
2026-07-12,igPe3SalZaM,All Right,6849,263
2026-07-12,_3asYN_OV_U,추억은 계절처럼 찾아와,51668,495
2026-07-12,Nr0tzBlONjc,나를 사랑하지 않는 너에게,12009,97
2026-07-12,aWPNx-qvHkk,나를 사랑하지 않는 나에게,2607,27
2026-07-12,OX4W0K4ij1Q,넌 바다야,32965,349
2026-07-12,H-rBnGJ0xWM,작은 약속,48890,198
2026-07-12,b6afis3lmuA,Only for you,25350,93
2026-07-12,-2SkSDzl65Q,나는 너,22816,204
2026-07-12,eIGQOGNHn0Y,이제는 안녕 (영범이에게),26467,78
2026-07-12,upxyzZ9aaDg,투명한 콜라,31874,319
2026-07-12,YGOpr4EP2CE,잊어주세요,8832,109
2026-07-12,Snl3FIO9T80,남겨두고서,15233,83
2026-07-12,K_s-Nr9lp6k,영영,72436,1281
2026-07-12,hme8ULDjQpg,봄이어라,5232,68
2026-07-12,Sv2oTzU6JFs,마지막 1초,7702,62
2026-07-12,qJfGWQl0xjo,하얀 운동화 (feat. 김인디),7194,89
2026-07-12,rFsGrFl5QqU,종이비행기,6545,29
2026-07-12,w1HcX17JYPM,그 한마디,7398,54
2026-07-12,570BJzlYaqU,너의 노래가 될게,38825,430
2026-07-12,f2tVdl7BzIw,마주치지 말걸 그랬어,62441,622
2026-07-12,1HVuTOrf_Ns,사랑한다고 말해볼까요,11714,130
2026-07-12,1kOZilM88g0,여전히 널,54028,497
2026-07-12,VG-gznNRHIQ,스위트피,4555,38
2026-07-12,x2Rv27prn9c,누가 그랬나요,14664,249
2026-07-12,Ot4xAK2T-s0,미안할 건 없지,16649,302
2026-07-12,nlwQFSs9C1c,인공소녀,3540,54
2026-07-12,SctlVInapnA,눈부시게 행복하기를,5888,70
2026-07-12,J1tMAzBHUo8,이 밤이 다정하게 우릴 속여도,3010,16
2026-07-12,mf1SsEWha0U,핑크빛 립스틱,11007,80
2026-07-12,Xl9xoodpb30,첫 번째 비밀,3090,15
2026-07-12,xdRQQ-uV-ew,F&T,4684,15
2026-07-12,OyePmUzjlb4,0이 될 때까지 지워내,225240,2298
2026-07-12,2dNYo-2tlgU,도레미파솔라시도,8639,58
2026-07-12,Z7ITvksAdGM,아직 태어나지 않았나요,3683,30
2026-07-12,KSyWk3ISs4o,달빛도 잠든 거리,5093,30
2026-07-12,oiJmQr3BoDc,멈추지 않는 바람만,16595,198
2026-07-12,HB2VnB5uUz0,"Rewind, Forward",5572,114
2026-07-12,YOp8gxf8HTw,난 여기 있을게,8355,130
2026-07-12,GgntvWwYvu8,Red Juice,2409,15
2026-07-12,IxoVAgHM0Cs,안녕은 영원한 이별이 아니길,126899,964
2026-07-12,rc8tF5uct_g,봄이 오고 있어,4524,42
2026-07-12,obDaGr188bQ,그대는 알고 있나요,93485,557
2026-07-12,C-2VvBYgi1Y,부르고 싶은 이름이 되어 버린 너,18394,530
2026-07-12,fp3_BRbeogw,CITY,33,0
2026-07-12,BttPkrdZUtk,고작 꺼낸 한마디가,228,2
2026-07-12,CD2iBBtHWJY,울까요,230,0
2026-07-12,FrsutI3FgsI,달려가고 있어,427,1
2026-07-12,NAEVxyBcox4,보랏빛 사이렌,19106,257
2026-07-12,WCSoJPk7ePQ,널 따라,176,0
2026-07-12,e0zNwl97eME,눈을 감아도,474,1
2026-07-12,fM_jW4SQ6dQ,CITY,4809,16
2026-07-12,pOgM2e9ltco,멍청아,302,0
2026-07-12,yes8AZebW0c,오늘밤엔 꼭,4946,28
2026-07-12,z_NlEEOggzE,부서지길 바래,264,1
2026-07-12,8wFDNGfSZvU,달려가고 있어,4316,25
2026-07-12,bi3lP1CcOTY,고작 꺼낸 한마디가,4471,34
2026-07-12,MqOAcmgJU0M,널 따라,2959,17
2026-07-12,FmwaEEomopk,눈을 감아도,44378,352
2026-07-12,6dtQjvc8n3c,울까요,5914,58
2026-07-12,eIXJnHWgtBk,부서지길 바래,2968,19
2026-07-12,p7KgqfEmyB8,멍청아,3470,17
2026-07-13,RMWR7fuyPY4,한 뼘,859,213
2026-07-13,3kSM8nnaFyk,그대는 날,1965,136
2026-07-13,igPe3SalZaM,All Right,7247,398
2026-07-13,_3asYN_OV_U,추억은 계절처럼 찾아와,52171,503
2026-07-13,Nr0tzBlONjc,나를 사랑하지 않는 너에게,12175,166
2026-07-13,aWPNx-qvHkk,나를 사랑하지 않는 나에게,2646,39
2026-07-13,OX4W0K4ij1Q,넌 바다야,33382,417
2026-07-13,H-rBnGJ0xWM,작은 약속,49172,282
2026-07-13,b6afis3lmuA,Only for you,25501,151
2026-07-13,-2SkSDzl65Q,나는 너,23024,208
2026-07-13,eIGQOGNHn0Y,이제는 안녕 (영범이에게),26570,103
2026-07-13,upxyzZ9aaDg,투명한 콜라,32227,353
2026-07-13,YGOpr4EP2CE,잊어주세요,8929,97
2026-07-13,Snl3FIO9T80,남겨두고서,15388,155
2026-07-13,K_s-Nr9lp6k,영영,73965,1529
2026-07-13,hme8ULDjQpg,봄이어라,5284,52
2026-07-13,Sv2oTzU6JFs,마지막 1초,7773,71
2026-07-13,qJfGWQl0xjo,하얀 운동화 (feat. 김인디),7349,155
2026-07-13,rFsGrFl5QqU,종이비행기,6618,73
2026-07-13,w1HcX17JYPM,그 한마디,7461,63
2026-07-13,570BJzlYaqU,너의 노래가 될게,39404,579
2026-07-13,f2tVdl7BzIw,마주치지 말걸 그랬어,63399,958
2026-07-13,1HVuTOrf_Ns,사랑한다고 말해볼까요,11854,140
2026-07-13,1kOZilM88g0,여전히 널,54667,639
2026-07-13,VG-gznNRHIQ,스위트피,4606,51
2026-07-13,x2Rv27prn9c,누가 그랬나요,14910,246
2026-07-13,Ot4xAK2T-s0,미안할 건 없지,16950,301
2026-07-13,nlwQFSs9C1c,인공소녀,3575,35
2026-07-13,SctlVInapnA,눈부시게 행복하기를,5949,61
2026-07-13,J1tMAzBHUo8,이 밤이 다정하게 우릴 속여도,3036,26
2026-07-13,mf1SsEWha0U,핑크빛 립스틱,11098,91
2026-07-13,Xl9xoodpb30,첫 번째 비밀,3123,33
2026-07-13,xdRQQ-uV-ew,F&T,4712,28
2026-07-13,OyePmUzjlb4,0이 될 때까지 지워내,228125,2885
2026-07-13,2dNYo-2tlgU,도레미파솔라시도,8720,81
2026-07-13,Z7ITvksAdGM,아직 태어나지 않았나요,3728,45
2026-07-13,KSyWk3ISs4o,달빛도 잠든 거리,5152,59
2026-07-13,oiJmQr3BoDc,멈추지 않는 바람만,16807,212
2026-07-13,HB2VnB5uUz0,"Rewind, Forward",5651,79
2026-07-13,YOp8gxf8HTw,난 여기 있을게,8565,210
2026-07-13,GgntvWwYvu8,Red Juice,2432,23
2026-07-13,IxoVAgHM0Cs,안녕은 영원한 이별이 아니길,128287,1388
2026-07-13,rc8tF5uct_g,봄이 오고 있어,4561,37
2026-07-13,obDaGr188bQ,그대는 알고 있나요,94264,779
2026-07-13,C-2VvBYgi1Y,부르고 싶은 이름이 되어 버린 너,19035,641
2026-07-13,fp3_BRbeogw,CITY,33,0
2026-07-13,BttPkrdZUtk,고작 꺼낸 한마디가,229,1
2026-07-13,CD2iBBtHWJY,울까요,232,2
2026-07-13,FrsutI3FgsI,달려가고 있어,430,3
2026-07-13,NAEVxyBcox4,보랏빛 사이렌,19321,215
2026-07-13,WCSoJPk7ePQ,널 따라,178,2
2026-07-13,e0zNwl97eME,눈을 감아도,479,5
2026-07-13,fM_jW4SQ6dQ,CITY,4831,22
2026-07-13,pOgM2e9ltco,멍청아,304,2
2026-07-13,yes8AZebW0c,오늘밤엔 꼭,4995,49
2026-07-13,z_NlEEOggzE,부서지길 바래,267,3
2026-07-13,8wFDNGfSZvU,달려가고 있어,4349,33
2026-07-13,bi3lP1CcOTY,고작 꺼낸 한마디가,4507,36
2026-07-13,MqOAcmgJU0M,널 따라,2990,31
2026-07-13,FmwaEEomopk,눈을 감아도,44744,366
2026-07-13,6dtQjvc8n3c,울까요,5973,59
2026-07-13,eIXJnHWgtBk,부서지길 바래,2999,31
2026-07-13,p7KgqfEmyB8,멍청아,3496,26
2026-07-14,RMWR7fuyPY4,한 뼘,1029,170
2026-07-14,3kSM8nnaFyk,그대는 날,2101,136
2026-07-14,igPe3SalZaM,All Right,7597,350
2026-07-14,_3asYN_OV_U,추억은 계절처럼 찾아와,52535,364
2026-07-14,Nr0tzBlONjc,나를 사랑하지 않는 너에게,12313,138
2026-07-14,aWPNx-qvHkk,나를 사랑하지 않는 나에게,2677,31
2026-07-14,OX4W0K4ij1Q,넌 바다야,33760,378
2026-07-14,H-rBnGJ0xWM,작은 약속,49454,282
2026-07-14,b6afis3lmuA,Only for you,25621,120
2026-07-14,-2SkSDzl65Q,나는 너,23332,308
2026-07-14,eIGQOGNHn0Y,이제는 안녕 (영범이에게),26688,118
2026-07-14,upxyzZ9aaDg,투명한 콜라,32568,341
2026-07-14,YGOpr4EP2CE,잊어주세요,9041,112
2026-07-14,Snl3FIO9T80,남겨두고서,15538,150
2026-07-14,K_s-Nr9lp6k,영영,75404,1439
2026-07-14,hme8ULDjQpg,봄이어라,5348,64
2026-07-14,Sv2oTzU6JFs,마지막 1초,7850,77
2026-07-14,qJfGWQl0xjo,하얀 운동화 (feat. 김인디),7500,151
2026-07-14,rFsGrFl5QqU,종이비행기,6682,64
2026-07-14,w1HcX17JYPM,그 한마디,7519,58
2026-07-14,570BJzlYaqU,너의 노래가 될게,39962,558
2026-07-14,f2tVdl7BzIw,마주치지 말걸 그랬어,64446,1047
2026-07-14,1HVuTOrf_Ns,사랑한다고 말해볼까요,11995,141
2026-07-14,1kOZilM88g0,여전히 널,55343,676
2026-07-14,VG-gznNRHIQ,스위트피,4673,67
2026-07-14,x2Rv27prn9c,누가 그랬나요,15138,228
2026-07-14,Ot4xAK2T-s0,미안할 건 없지,17215,265
2026-07-14,nlwQFSs9C1c,인공소녀,3617,42
2026-07-14,SctlVInapnA,눈부시게 행복하기를,6052,103
2026-07-14,J1tMAzBHUo8,이 밤이 다정하게 우릴 속여도,3060,24
2026-07-14,mf1SsEWha0U,핑크빛 립스틱,11176,78
2026-07-14,Xl9xoodpb30,첫 번째 비밀,3138,15
2026-07-14,xdRQQ-uV-ew,F&T,4730,18
2026-07-14,OyePmUzjlb4,0이 될 때까지 지워내,230870,2745
2026-07-14,2dNYo-2tlgU,도레미파솔라시도,8786,66
2026-07-14,Z7ITvksAdGM,아직 태어나지 않았나요,3753,25
2026-07-14,KSyWk3ISs4o,달빛도 잠든 거리,5199,47
2026-07-14,oiJmQr3BoDc,멈추지 않는 바람만,16999,192
2026-07-14,HB2VnB5uUz0,"Rewind, Forward",5752,101
2026-07-14,YOp8gxf8HTw,난 여기 있을게,8814,249
2026-07-14,GgntvWwYvu8,Red Juice,2458,26
2026-07-14,IxoVAgHM0Cs,안녕은 영원한 이별이 아니길,129281,994
2026-07-14,rc8tF5uct_g,봄이 오고 있어,4604,43
2026-07-14,obDaGr188bQ,그대는 알고 있나요,94897,633
2026-07-14,C-2VvBYgi1Y,부르고 싶은 이름이 되어 버린 너,19593,558
2026-07-14,fp3_BRbeogw,CITY,33,0
2026-07-14,BttPkrdZUtk,고작 꺼낸 한마디가,229,0
2026-07-14,CD2iBBtHWJY,울까요,233,1
2026-07-14,FrsutI3FgsI,달려가고 있어,434,4
2026-07-14,NAEVxyBcox4,보랏빛 사이렌,19569,248
2026-07-14,WCSoJPk7ePQ,널 따라,179,1
2026-07-14,e0zNwl97eME,눈을 감아도,484,5
2026-07-14,fM_jW4SQ6dQ,CITY,4860,29
2026-07-14,pOgM2e9ltco,멍청아,306,2
2026-07-14,yes8AZebW0c,오늘밤엔 꼭,5045,50
2026-07-14,z_NlEEOggzE,부서지길 바래,268,1
2026-07-14,8wFDNGfSZvU,달려가고 있어,4371,22
2026-07-14,bi3lP1CcOTY,고작 꺼낸 한마디가,4547,40
2026-07-14,MqOAcmgJU0M,널 따라,3009,19
2026-07-14,FmwaEEomopk,눈을 감아도,45147,403
2026-07-14,6dtQjvc8n3c,울까요,6039,66
2026-07-14,eIXJnHWgtBk,부서지길 바래,3016,17
2026-07-14,p7KgqfEmyB8,멍청아,3532,36
2026-07-15,RMWR7fuyPY4,한 뼘,1156,127
2026-07-15,3kSM8nnaFyk,그대는 날,2230,129
2026-07-15,igPe3SalZaM,All Right,7956,359
2026-07-15,_3asYN_OV_U,추억은 계절처럼 찾아와,53054,519
2026-07-15,Nr0tzBlONjc,나를 사랑하지 않는 너에게,12505,192
2026-07-15,aWPNx-qvHkk,나를 사랑하지 않는 나에게,2719,42
2026-07-15,OX4W0K4ij1Q,넌 바다야,34180,420
2026-07-15,H-rBnGJ0xWM,작은 약속,49715,261
2026-07-15,b6afis3lmuA,Only for you,25755,134
2026-07-15,-2SkSDzl65Q,나는 너,23575,243
2026-07-15,eIGQOGNHn0Y,이제는 안녕 (영범이에게),26795,107
2026-07-15,upxyzZ9aaDg,투명한 콜라,32931,363
2026-07-15,YGOpr4EP2CE,잊어주세요,9146,105
2026-07-15,Snl3FIO9T80,남겨두고서,15716,178
2026-07-15,K_s-Nr9lp6k,영영,76925,1521
2026-07-15,hme8ULDjQpg,봄이어라,5412,64
2026-07-15,Sv2oTzU6JFs,마지막 1초,7919,69
2026-07-15,qJfGWQl0xjo,하얀 운동화 (feat. 김인디),7629,129
2026-07-15,rFsGrFl5QqU,종이비행기,6745,63
2026-07-15,w1HcX17JYPM,그 한마디,7590,71
2026-07-15,570BJzlYaqU,너의 노래가 될게,40579,617
2026-07-15,f2tVdl7BzIw,마주치지 말걸 그랬어,65372,926
2026-07-15,1HVuTOrf_Ns,사랑한다고 말해볼까요,12158,163
2026-07-15,1kOZilM88g0,여전히 널,56153,810
2026-07-15,VG-gznNRHIQ,스위트피,4739,66
2026-07-15,x2Rv27prn9c,누가 그랬나요,15414,276
2026-07-15,Ot4xAK2T-s0,미안할 건 없지,17513,298
2026-07-15,nlwQFSs9C1c,인공소녀,3660,43
2026-07-15,SctlVInapnA,눈부시게 행복하기를,6112,60
2026-07-15,J1tMAzBHUo8,이 밤이 다정하게 우릴 속여도,3084,24
2026-07-15,mf1SsEWha0U,핑크빛 립스틱,11259,83
2026-07-15,Xl9xoodpb30,첫 번째 비밀,3158,20
2026-07-15,xdRQQ-uV-ew,F&T,4777,47
2026-07-15,OyePmUzjlb4,0이 될 때까지 지워내,233818,2948
2026-07-15,2dNYo-2tlgU,도레미파솔라시도,8870,84
2026-07-15,Z7ITvksAdGM,아직 태어나지 않았나요,3792,39
2026-07-15,KSyWk3ISs4o,달빛도 잠든 거리,5242,43
2026-07-15,oiJmQr3BoDc,멈추지 않는 바람만,17203,204
2026-07-15,HB2VnB5uUz0,"Rewind, Forward",5866,114
2026-07-15,YOp8gxf8HTw,난 여기 있을게,9052,238
2026-07-15,GgntvWwYvu8,Red Juice,2489,31
2026-07-15,IxoVAgHM0Cs,안녕은 영원한 이별이 아니길,130767,1486
2026-07-15,rc8tF5uct_g,봄이 오고 있어,4638,34
2026-07-15,obDaGr188bQ,그대는 알고 있나요,95522,625
2026-07-15,C-2VvBYgi1Y,부르고 싶은 이름이 되어 버린 너,20123,530
2026-07-15,fp3_BRbeogw,CITY,33,0
2026-07-15,BttPkrdZUtk,고작 꺼낸 한마디가,231,2
2026-07-15,CD2iBBtHWJY,울까요,236,3
2026-07-15,FrsutI3FgsI,달려가고 있어,443,9
2026-07-15,NAEVxyBcox4,보랏빛 사이렌,19782,213
2026-07-15,WCSoJPk7ePQ,널 따라,182,3
2026-07-15,e0zNwl97eME,눈을 감아도,489,5
2026-07-15,fM_jW4SQ6dQ,CITY,4888,28
2026-07-15,pOgM2e9ltco,멍청아,309,3
2026-07-15,yes8AZebW0c,오늘밤엔 꼭,5098,53
2026-07-15,z_NlEEOggzE,부서지길 바래,271,3
2026-07-15,8wFDNGfSZvU,달려가고 있어,4402,31
2026-07-15,bi3lP1CcOTY,고작 꺼낸 한마디가,4600,53
2026-07-15,MqOAcmgJU0M,널 따라,3038,29
2026-07-15,FmwaEEomopk,눈을 감아도,45497,350
2026-07-15,6dtQjvc8n3c,울까요,6102,63
2026-07-15,eIXJnHWgtBk,부서지길 바래,3050,34
2026-07-15,p7KgqfEmyB8,멍청아,3560,28
2026-07-16,7WyUqIqZvwA,피어나게 해,0,0
2026-07-16,RMWR7fuyPY4,한 뼘,1258,102
2026-07-16,3kSM8nnaFyk,그대는 날,2329,99
2026-07-16,igPe3SalZaM,All Right,8389,433
2026-07-16,_3asYN_OV_U,추억은 계절처럼 찾아와,53643,589
2026-07-16,Nr0tzBlONjc,나를 사랑하지 않는 너에게,12683,178
2026-07-16,aWPNx-qvHkk,나를 사랑하지 않는 나에게,2751,32
2026-07-16,OX4W0K4ij1Q,넌 바다야,34599,419
2026-07-16,H-rBnGJ0xWM,작은 약속,50064,349
2026-07-16,b6afis3lmuA,Only for you,25907,152
2026-07-16,-2SkSDzl65Q,나는 너,23857,282
2026-07-16,eIGQOGNHn0Y,이제는 안녕 (영범이에게),26904,109
2026-07-16,upxyzZ9aaDg,투명한 콜라,33257,326
2026-07-16,YGOpr4EP2CE,잊어주세요,9286,140
2026-07-16,Snl3FIO9T80,남겨두고서,15923,207
2026-07-16,K_s-Nr9lp6k,영영,78785,1860
2026-07-16,hme8ULDjQpg,봄이어라,5485,73
2026-07-16,Sv2oTzU6JFs,마지막 1초,7988,69
2026-07-16,qJfGWQl0xjo,하얀 운동화 (feat. 김인디),7771,142
2026-07-16,rFsGrFl5QqU,종이비행기,6800,55
2026-07-16,w1HcX17JYPM,그 한마디,7663,73
2026-07-16,570BJzlYaqU,너의 노래가 될게,41255,676
2026-07-16,f2tVdl7BzIw,마주치지 말걸 그랬어,66309,937
2026-07-16,1HVuTOrf_Ns,사랑한다고 말해볼까요,12303,145
2026-07-16,1kOZilM88g0,여전히 널,56788,635
2026-07-16,VG-gznNRHIQ,스위트피,4787,48
2026-07-16,x2Rv27prn9c,누가 그랬나요,15710,296
2026-07-16,Ot4xAK2T-s0,미안할 건 없지,17837,324
2026-07-16,nlwQFSs9C1c,인공소녀,3701,41
2026-07-16,SctlVInapnA,눈부시게 행복하기를,6207,95
2026-07-16,J1tMAzBHUo8,이 밤이 다정하게 우릴 속여도,3107,23
2026-07-16,mf1SsEWha0U,핑크빛 립스틱,11347,88
2026-07-16,Xl9xoodpb30,첫 번째 비밀,3193,35
2026-07-16,xdRQQ-uV-ew,F&T,4856,79
2026-07-16,OyePmUzjlb4,0이 될 때까지 지워내,236687,2869
2026-07-16,2dNYo-2tlgU,도레미파솔라시도,8979,109
2026-07-16,Z7ITvksAdGM,아직 태어나지 않았나요,3836,44
2026-07-16,KSyWk3ISs4o,달빛도 잠든 거리,5299,57
2026-07-16,oiJmQr3BoDc,멈추지 않는 바람만,17421,218
2026-07-16,HB2VnB5uUz0,"Rewind, Forward",5970,104
2026-07-16,YOp8gxf8HTw,난 여기 있을게,9279,227
2026-07-16,GgntvWwYvu8,Red Juice,2522,33
2026-07-16,IxoVAgHM0Cs,안녕은 영원한 이별이 아니길,131897,1130
2026-07-16,rc8tF5uct_g,봄이 오고 있어,4671,33
2026-07-16,obDaGr188bQ,그대는 알고 있나요,96321,799
2026-07-16,C-2VvBYgi1Y,부르고 싶은 이름이 되어 버린 너,20804,681
2026-07-16,fp3_BRbeogw,CITY,33,0
2026-07-16,BttPkrdZUtk,고작 꺼낸 한마디가,232,1
2026-07-16,CD2iBBtHWJY,울까요,240,4
2026-07-16,FrsutI3FgsI,달려가고 있어,445,2
2026-07-16,NAEVxyBcox4,보랏빛 사이렌,20047,265
2026-07-16,WCSoJPk7ePQ,널 따라,182,0
2026-07-16,e0zNwl97eME,눈을 감아도,490,1
2026-07-16,fM_jW4SQ6dQ,CITY,4912,24
2026-07-16,pOgM2e9ltco,멍청아,309,0
2026-07-16,yes8AZebW0c,오늘밤엔 꼭,5140,42
2026-07-16,z_NlEEOggzE,부서지길 바래,271,0
2026-07-16,8wFDNGfSZvU,달려가고 있어,4440,38
2026-07-16,bi3lP1CcOTY,고작 꺼낸 한마디가,4643,43
2026-07-16,MqOAcmgJU0M,널 따라,3061,23
2026-07-16,FmwaEEomopk,눈을 감아도,45916,419
2026-07-16,6dtQjvc8n3c,울까요,6172,70
2026-07-16,eIXJnHWgtBk,부서지길 바래,3090,40
2026-07-16,p7KgqfEmyB8,멍청아,3584,24
2026-07-17,7WyUqIqZvwA,피어나게 해,246,246
2026-07-17,RMWR7fuyPY4,한 뼘,1385,127
2026-07-17,3kSM8nnaFyk,그대는 날,2479,150
2026-07-17,igPe3SalZaM,All Right,8760,371
2026-07-17,_3asYN_OV_U,추억은 계절처럼 찾아와,54052,409
2026-07-17,Nr0tzBlONjc,나를 사랑하지 않는 너에게,12883,200
2026-07-17,aWPNx-qvHkk,나를 사랑하지 않는 나에게,2781,30
2026-07-17,OX4W0K4ij1Q,넌 바다야,35008,409
2026-07-17,H-rBnGJ0xWM,작은 약속,50342,278
2026-07-17,b6afis3lmuA,Only for you,26013,106
2026-07-17,-2SkSDzl65Q,나는 너,24115,258
2026-07-17,eIGQOGNHn0Y,이제는 안녕 (영범이에게),26990,86
2026-07-17,upxyzZ9aaDg,투명한 콜라,33637,380
2026-07-17,YGOpr4EP2CE,잊어주세요,9376,90
2026-07-17,Snl3FIO9T80,남겨두고서,16091,168
2026-07-17,K_s-Nr9lp6k,영영,80438,1653
2026-07-17,hme8ULDjQpg,봄이어라,5540,55
2026-07-17,Sv2oTzU6JFs,마지막 1초,8037,49
2026-07-17,qJfGWQl0xjo,하얀 운동화 (feat. 김인디),7905,134
2026-07-17,rFsGrFl5QqU,종이비행기,6853,53
2026-07-17,w1HcX17JYPM,그 한마디,7729,66
2026-07-17,570BJzlYaqU,너의 노래가 될게,41730,475
2026-07-17,f2tVdl7BzIw,마주치지 말걸 그랬어,67244,935
2026-07-17,1HVuTOrf_Ns,사랑한다고 말해볼까요,12427,124
2026-07-17,1kOZilM88g0,여전히 널,57270,482
2026-07-17,VG-gznNRHIQ,스위트피,4849,62
2026-07-17,x2Rv27prn9c,누가 그랬나요,15983,273
2026-07-17,Ot4xAK2T-s0,미안할 건 없지,18179,342
2026-07-17,nlwQFSs9C1c,인공소녀,3746,45
2026-07-17,SctlVInapnA,눈부시게 행복하기를,6277,70
2026-07-17,J1tMAzBHUo8,이 밤이 다정하게 우릴 속여도,3130,23
2026-07-17,mf1SsEWha0U,핑크빛 립스틱,11411,64
2026-07-17,Xl9xoodpb30,첫 번째 비밀,3222,29
2026-07-17,xdRQQ-uV-ew,F&T,4874,18
2026-07-17,OyePmUzjlb4,0이 될 때까지 지워내,239300,2613
2026-07-17,2dNYo-2tlgU,도레미파솔라시도,9053,74
2026-07-17,Z7ITvksAdGM,아직 태어나지 않았나요,3884,48
2026-07-17,KSyWk3ISs4o,달빛도 잠든 거리,5382,83
2026-07-17,oiJmQr3BoDc,멈추지 않는 바람만,17631,210
2026-07-17,HB2VnB5uUz0,"Rewind, Forward",6086,116
2026-07-17,YOp8gxf8HTw,난 여기 있을게,9549,270
2026-07-17,GgntvWwYvu8,Red Juice,2540,18
2026-07-17,IxoVAgHM0Cs,안녕은 영원한 이별이 아니길,133078,1181
2026-07-17,rc8tF5uct_g,봄이 오고 있어,4739,68
2026-07-17,obDaGr188bQ,그대는 알고 있나요,96965,644
2026-07-17,C-2VvBYgi1Y,부르고 싶은 이름이 되어 버린 너,21277,473
2026-07-17,fp3_BRbeogw,CITY,34,1
2026-07-17,BttPkrdZUtk,고작 꺼낸 한마디가,233,1
2026-07-17,CD2iBBtHWJY,울까요,242,2
2026-07-17,FrsutI3FgsI,달려가고 있어,447,2
2026-07-17,NAEVxyBcox4,보랏빛 사이렌,20340,293
2026-07-17,WCSoJPk7ePQ,널 따라,183,1
2026-07-17,e0zNwl97eME,눈을 감아도,496,6
2026-07-17,fM_jW4SQ6dQ,CITY,4937,25
2026-07-17,pOgM2e9ltco,멍청아,313,4
2026-07-17,yes8AZebW0c,오늘밤엔 꼭,5181,41
2026-07-17,z_NlEEOggzE,부서지길 바래,273,2
2026-07-17,8wFDNGfSZvU,달려가고 있어,4480,40
2026-07-17,bi3lP1CcOTY,고작 꺼낸 한마디가,4688,45
2026-07-17,MqOAcmgJU0M,널 따라,3093,32
2026-07-17,FmwaEEomopk,눈을 감아도,46304,388
2026-07-17,6dtQjvc8n3c,울까요,6231,59
2026-07-17,eIXJnHWgtBk,부서지길 바래,3123,33
2026-07-17,p7KgqfEmyB8,멍청아,3617,33
2026-07-18,7WyUqIqZvwA,피어나게 해,540,294
2026-07-18,RMWR7fuyPY4,한 뼘,1534,149
2026-07-18,3kSM8nnaFyk,그대는 날,2596,117
2026-07-18,igPe3SalZaM,All Right,9065,305
2026-07-18,_3asYN_OV_U,추억은 계절처럼 찾아와,54449,397
2026-07-18,Nr0tzBlONjc,나를 사랑하지 않는 너에게,13038,155
2026-07-18,aWPNx-qvHkk,나를 사랑하지 않는 나에게,2787,6
2026-07-18,OX4W0K4ij1Q,넌 바다야,35335,327
2026-07-18,H-rBnGJ0xWM,작은 약속,50588,246
2026-07-18,b6afis3lmuA,Only for you,26105,92
2026-07-18,-2SkSDzl65Q,나는 너,24310,195
2026-07-18,eIGQOGNHn0Y,이제는 안녕 (영범이에게),27050,60
2026-07-18,upxyzZ9aaDg,투명한 콜라,33953,316
2026-07-18,YGOpr4EP2CE,잊어주세요,9460,84
2026-07-18,Snl3FIO9T80,남겨두고서,16214,123
2026-07-18,K_s-Nr9lp6k,영영,81658,1220
2026-07-18,hme8ULDjQpg,봄이어라,5586,46
2026-07-18,Sv2oTzU6JFs,마지막 1초,8069,32
2026-07-18,qJfGWQl0xjo,하얀 운동화 (feat. 김인디),7987,82
2026-07-18,rFsGrFl5QqU,종이비행기,6881,28
2026-07-18,w1HcX17JYPM,그 한마디,7772,43
2026-07-18,570BJzlYaqU,너의 노래가 될게,42239,509
2026-07-18,f2tVdl7BzIw,마주치지 말걸 그랬어,67957,713
2026-07-18,1HVuTOrf_Ns,사랑한다고 말해볼까요,12528,101
2026-07-18,1kOZilM88g0,여전히 널,57764,494
2026-07-18,VG-gznNRHIQ,스위트피,4878,29
2026-07-18,x2Rv27prn9c,누가 그랬나요,16166,183
2026-07-18,Ot4xAK2T-s0,미안할 건 없지,18553,374
2026-07-18,nlwQFSs9C1c,인공소녀,3773,27
2026-07-18,SctlVInapnA,눈부시게 행복하기를,6338,61
2026-07-18,J1tMAzBHUo8,이 밤이 다정하게 우릴 속여도,3142,12
2026-07-18,mf1SsEWha0U,핑크빛 립스틱,11475,64
2026-07-18,Xl9xoodpb30,첫 번째 비밀,3250,28
2026-07-18,xdRQQ-uV-ew,F&T,4896,22
2026-07-18,OyePmUzjlb4,0이 될 때까지 지워내,241469,2169
2026-07-18,2dNYo-2tlgU,도레미파솔라시도,9086,33
2026-07-18,Z7ITvksAdGM,아직 태어나지 않았나요,3910,26
2026-07-18,KSyWk3ISs4o,달빛도 잠든 거리,5431,49
2026-07-18,oiJmQr3BoDc,멈추지 않는 바람만,17753,122
2026-07-18,HB2VnB5uUz0,"Rewind, Forward",6185,99
2026-07-18,YOp8gxf8HTw,난 여기 있을게,9752,203
2026-07-18,GgntvWwYvu8,Red Juice,2553,13
2026-07-18,IxoVAgHM0Cs,안녕은 영원한 이별이 아니길,134152,1074
2026-07-18,rc8tF5uct_g,봄이 오고 있어,4781,42
2026-07-18,obDaGr188bQ,그대는 알고 있나요,97603,638
2026-07-18,C-2VvBYgi1Y,부르고 싶은 이름이 되어 버린 너,21810,533
2026-07-18,fp3_BRbeogw,CITY,34,0
2026-07-18,BttPkrdZUtk,고작 꺼낸 한마디가,234,1
2026-07-18,CD2iBBtHWJY,울까요,243,1
2026-07-18,FrsutI3FgsI,달려가고 있어,451,4
2026-07-18,NAEVxyBcox4,보랏빛 사이렌,20561,221
2026-07-18,WCSoJPk7ePQ,널 따라,183,0
2026-07-18,e0zNwl97eME,눈을 감아도,497,1
2026-07-18,fM_jW4SQ6dQ,CITY,4954,17
2026-07-18,pOgM2e9ltco,멍청아,314,1
2026-07-18,yes8AZebW0c,오늘밤엔 꼭,5218,37
2026-07-18,z_NlEEOggzE,부서지길 바래,274,1
2026-07-18,8wFDNGfSZvU,달려가고 있어,4505,25
2026-07-18,bi3lP1CcOTY,고작 꺼낸 한마디가,4707,19
2026-07-18,MqOAcmgJU0M,널 따라,3108,15
2026-07-18,FmwaEEomopk,눈을 감아도,46704,400
2026-07-18,6dtQjvc8n3c,울까요,6279,48
2026-07-18,eIXJnHWgtBk,부서지길 바래,3145,22
2026-07-18,p7KgqfEmyB8,멍청아,3641,24
2026-07-19,7WyUqIqZvwA,피어나게 해,778,238
2026-07-19,RMWR7fuyPY4,한 뼘,1664,130
2026-07-19,3kSM8nnaFyk,그대는 날,2660,64
2026-07-19,igPe3SalZaM,All Right,9360,295
2026-07-19,_3asYN_OV_U,추억은 계절처럼 찾아와,54734,285
2026-07-19,Nr0tzBlONjc,나를 사랑하지 않는 너에게,13183,145
2026-07-19,aWPNx-qvHkk,나를 사랑하지 않는 나에게,2802,15
2026-07-19,OX4W0K4ij1Q,넌 바다야,35661,326
2026-07-19,H-rBnGJ0xWM,작은 약속,50803,215
2026-07-19,b6afis3lmuA,Only for you,26171,66
2026-07-19,-2SkSDzl65Q,나는 너,24468,158
2026-07-19,eIGQOGNHn0Y,이제는 안녕 (영범이에게),27102,52
2026-07-19,upxyzZ9aaDg,투명한 콜라,34156,203
2026-07-19,YGOpr4EP2CE,잊어주세요,9528,68
2026-07-19,Snl3FIO9T80,남겨두고서,16309,95
2026-07-19,K_s-Nr9lp6k,영영,82799,1141
2026-07-19,hme8ULDjQpg,봄이어라,5625,39
2026-07-19,Sv2oTzU6JFs,마지막 1초,8110,41
2026-07-19,qJfGWQl0xjo,하얀 운동화 (feat. 김인디),8085,98
2026-07-19,rFsGrFl5QqU,종이비행기,6921,40
2026-07-19,w1HcX17JYPM,그 한마디,7824,52
2026-07-19,570BJzlYaqU,너의 노래가 될게,42593,354
2026-07-19,f2tVdl7BzIw,마주치지 말걸 그랬어,68664,707
2026-07-19,1HVuTOrf_Ns,사랑한다고 말해볼까요,12612,84
2026-07-19,1kOZilM88g0,여전히 널,58135,371
2026-07-19,VG-gznNRHIQ,스위트피,4907,29
2026-07-19,x2Rv27prn9c,누가 그랬나요,16368,202
2026-07-19,Ot4xAK2T-s0,미안할 건 없지,18809,256
2026-07-19,nlwQFSs9C1c,인공소녀,3832,59
2026-07-19,SctlVInapnA,눈부시게 행복하기를,6404,66
2026-07-19,J1tMAzBHUo8,이 밤이 다정하게 우릴 속여도,3159,17
2026-07-19,mf1SsEWha0U,핑크빛 립스틱,11546,71
2026-07-19,Xl9xoodpb30,첫 번째 비밀,3270,20
2026-07-19,xdRQQ-uV-ew,F&T,4921,25
2026-07-19,OyePmUzjlb4,0이 될 때까지 지워내,243490,2021
2026-07-19,2dNYo-2tlgU,도레미파솔라시도,9144,58
2026-07-19,Z7ITvksAdGM,아직 태어나지 않았나요,3936,26
2026-07-19,KSyWk3ISs4o,달빛도 잠든 거리,5479,48
2026-07-19,oiJmQr3BoDc,멈추지 않는 바람만,17914,161
2026-07-19,HB2VnB5uUz0,"Rewind, Forward",6238,53
2026-07-19,YOp8gxf8HTw,난 여기 있을게,9943,191
2026-07-19,GgntvWwYvu8,Red Juice,2570,17
2026-07-19,IxoVAgHM0Cs,안녕은 영원한 이별이 아니길,135150,998
2026-07-19,rc8tF5uct_g,봄이 오고 있어,4815,34
2026-07-19,obDaGr188bQ,그대는 알고 있나요,98027,424
2026-07-19,C-2VvBYgi1Y,부르고 싶은 이름이 되어 버린 너,22229,419
2026-07-19,fp3_BRbeogw,CITY,34,0
2026-07-19,BttPkrdZUtk,고작 꺼낸 한마디가,237,3
2026-07-19,CD2iBBtHWJY,울까요,244,1
2026-07-19,FrsutI3FgsI,달려가고 있어,451,0
2026-07-19,NAEVxyBcox4,보랏빛 사이렌,20769,208
2026-07-19,WCSoJPk7ePQ,널 따라,183,0
2026-07-19,e0zNwl97eME,눈을 감아도,499,2
2026-07-19,fM_jW4SQ6dQ,CITY,4969,15
2026-07-19,pOgM2e9ltco,멍청아,316,2
2026-07-19,yes8AZebW0c,오늘밤엔 꼭,5246,28
2026-07-19,z_NlEEOggzE,부서지길 바래,274,0
2026-07-19,8wFDNGfSZvU,달려가고 있어,4530,25
2026-07-19,bi3lP1CcOTY,고작 꺼낸 한마디가,4736,29
2026-07-19,MqOAcmgJU0M,널 따라,3140,32
2026-07-19,FmwaEEomopk,눈을 감아도,47009,305
2026-07-19,6dtQjvc8n3c,울까요,6325,46
2026-07-19,eIXJnHWgtBk,부서지길 바래,3165,20
2026-07-19,p7KgqfEmyB8,멍청아,3666,25
2026-07-20,7WyUqIqZvwA,피어나게 해,1049,271
2026-07-20,RMWR7fuyPY4,한 뼘,1778,114
2026-07-20,3kSM8nnaFyk,그대는 날,2746,86
2026-07-20,igPe3SalZaM,All Right,9668,308
2026-07-20,_3asYN_OV_U,추억은 계절처럼 찾아와,55188,454
2026-07-20,Nr0tzBlONjc,나를 사랑하지 않는 너에게,13352,169
2026-07-20,aWPNx-qvHkk,나를 사랑하지 않는 나에게,2830,28
2026-07-20,OX4W0K4ij1Q,넌 바다야,36030,369
2026-07-20,H-rBnGJ0xWM,작은 약속,51090,287
2026-07-20,b6afis3lmuA,Only for you,26297,126
2026-07-20,-2SkSDzl65Q,나는 너,24671,203
2026-07-20,eIGQOGNHn0Y,이제는 안녕 (영범이에게),27168,66
2026-07-20,upxyzZ9aaDg,투명한 콜라,34498,342
2026-07-20,YGOpr4EP2CE,잊어주세요,9627,99
2026-07-20,Snl3FIO9T80,남겨두고서,16435,126
2026-07-20,K_s-Nr9lp6k,영영,84326,1527
2026-07-20,hme8ULDjQpg,봄이어라,5680,55
2026-07-20,Sv2oTzU6JFs,마지막 1초,8188,78
2026-07-20,qJfGWQl0xjo,하얀 운동화 (feat. 김인디),8223,138
2026-07-20,rFsGrFl5QqU,종이비행기,6997,76
2026-07-20,w1HcX17JYPM,그 한마디,7872,48
2026-07-20,570BJzlYaqU,너의 노래가 될게,43182,589
2026-07-20,f2tVdl7BzIw,마주치지 말걸 그랬어,69543,879
2026-07-20,1HVuTOrf_Ns,사랑한다고 말해볼까요,12735,123
2026-07-20,1kOZilM88g0,여전히 널,58661,526
2026-07-20,VG-gznNRHIQ,스위트피,4947,40
2026-07-20,x2Rv27prn9c,누가 그랬나요,16649,281
2026-07-20,Ot4xAK2T-s0,미안할 건 없지,19124,315
2026-07-20,nlwQFSs9C1c,인공소녀,3866,34
2026-07-20,SctlVInapnA,눈부시게 행복하기를,6486,82
2026-07-20,J1tMAzBHUo8,이 밤이 다정하게 우릴 속여도,3174,15
2026-07-20,mf1SsEWha0U,핑크빛 립스틱,11651,105
2026-07-20,Xl9xoodpb30,첫 번째 비밀,3292,22
2026-07-20,xdRQQ-uV-ew,F&T,4945,24
2026-07-20,OyePmUzjlb4,0이 될 때까지 지워내,246163,2673
2026-07-20,2dNYo-2tlgU,도레미파솔라시도,9215,71
2026-07-20,Z7ITvksAdGM,아직 태어나지 않았나요,3976,40
2026-07-20,KSyWk3ISs4o,달빛도 잠든 거리,5520,41
2026-07-20,oiJmQr3BoDc,멈추지 않는 바람만,18117,203
2026-07-20,HB2VnB5uUz0,"Rewind, Forward",6360,122
2026-07-20,YOp8gxf8HTw,난 여기 있을게,10160,217
2026-07-20,GgntvWwYvu8,Red Juice,2585,15
2026-07-20,IxoVAgHM0Cs,안녕은 영원한 이별이 아니길,136298,1148
2026-07-20,rc8tF5uct_g,봄이 오고 있어,4865,50
2026-07-20,obDaGr188bQ,그대는 알고 있나요,98693,666
2026-07-20,C-2VvBYgi1Y,부르고 싶은 이름이 되어 버린 너,22687,458
2026-07-20,fp3_BRbeogw,CITY,34,0
2026-07-20,BttPkrdZUtk,고작 꺼낸 한마디가,239,2
2026-07-20,CD2iBBtHWJY,울까요,244,0
2026-07-20,FrsutI3FgsI,달려가고 있어,453,2
2026-07-20,NAEVxyBcox4,보랏빛 사이렌,20966,197
2026-07-20,WCSoJPk7ePQ,널 따라,184,1
2026-07-20,e0zNwl97eME,눈을 감아도,501,2
2026-07-20,fM_jW4SQ6dQ,CITY,4992,23
2026-07-20,pOgM2e9ltco,멍청아,318,2
2026-07-20,yes8AZebW0c,오늘밤엔 꼭,5272,26
2026-07-20,z_NlEEOggzE,부서지길 바래,275,1
2026-07-20,8wFDNGfSZvU,달려가고 있어,4549,19
2026-07-20,bi3lP1CcOTY,고작 꺼낸 한마디가,4767,31
2026-07-20,MqOAcmgJU0M,널 따라,3164,24
2026-07-20,FmwaEEomopk,눈을 감아도,47421,412
2026-07-20,6dtQjvc8n3c,울까요,6374,49
2026-07-20,eIXJnHWgtBk,부서지길 바래,3183,18
2026-07-20,p7KgqfEmyB8,멍청아,3685,19
2026-07-21,7WyUqIqZvwA,피어나게 해,1532,483
2026-07-21,RMWR7fuyPY4,한 뼘,1856,78
2026-07-21,3kSM8nnaFyk,그대는 날,2844,98
2026-07-21,igPe3SalZaM,All Right,10001,333
2026-07-21,_3asYN_OV_U,추억은 계절처럼 찾아와,55591,403
2026-07-21,Nr0tzBlONjc,나를 사랑하지 않는 너에게,13487,135
2026-07-21,aWPNx-qvHkk,나를 사랑하지 않는 나에게,2859,29
2026-07-21,OX4W0K4ij1Q,넌 바다야,36354,324
2026-07-21,H-rBnGJ0xWM,작은 약속,51360,270
2026-07-21,b6afis3lmuA,Only for you,26413,116
2026-07-21,-2SkSDzl65Q,나는 너,24910,239
2026-07-21,eIGQOGNHn0Y,이제는 안녕 (영범이에게),27270,102
2026-07-21,upxyzZ9aaDg,투명한 콜라,34759,261
2026-07-21,YGOpr4EP2CE,잊어주세요,9708,81
2026-07-21,Snl3FIO9T80,남겨두고서,16597,162
2026-07-21,K_s-Nr9lp6k,영영,85834,1508
2026-07-21,hme8ULDjQpg,봄이어라,5728,48
2026-07-21,Sv2oTzU6JFs,마지막 1초,8236,48
2026-07-21,qJfGWQl0xjo,하얀 운동화 (feat. 김인디),8307,84
2026-07-21,rFsGrFl5QqU,종이비행기,7055,58
2026-07-21,w1HcX17JYPM,그 한마디,7930,58
2026-07-21,570BJzlYaqU,너의 노래가 될게,43556,374
2026-07-21,f2tVdl7BzIw,마주치지 말걸 그랬어,70182,639
2026-07-21,1HVuTOrf_Ns,사랑한다고 말해볼까요,12861,126
2026-07-21,1kOZilM88g0,여전히 널,59119,458
2026-07-21,VG-gznNRHIQ,스위트피,4988,41
2026-07-21,x2Rv27prn9c,누가 그랬나요,16931,282
2026-07-21,Ot4xAK2T-s0,미안할 건 없지,19444,320
2026-07-21,nlwQFSs9C1c,인공소녀,3909,43
2026-07-21,SctlVInapnA,눈부시게 행복하기를,6558,72
2026-07-21,J1tMAzBHUo8,이 밤이 다정하게 우릴 속여도,3200,26
2026-07-21,mf1SsEWha0U,핑크빛 립스틱,11735,84
2026-07-21,Xl9xoodpb30,첫 번째 비밀,3318,26
2026-07-21,xdRQQ-uV-ew,F&T,4968,23
2026-07-21,OyePmUzjlb4,0이 될 때까지 지워내,248869,2706
2026-07-21,2dNYo-2tlgU,도레미파솔라시도,9278,63
2026-07-21,Z7ITvksAdGM,아직 태어나지 않았나요,3999,23
2026-07-21,KSyWk3ISs4o,달빛도 잠든 거리,5553,33
2026-07-21,oiJmQr3BoDc,멈추지 않는 바람만,18323,206
2026-07-21,HB2VnB5uUz0,"Rewind, Forward",6437,77
2026-07-21,YOp8gxf8HTw,난 여기 있을게,10333,173
2026-07-21,GgntvWwYvu8,Red Juice,2618,33
2026-07-21,IxoVAgHM0Cs,안녕은 영원한 이별이 아니길,137381,1083
2026-07-21,rc8tF5uct_g,봄이 오고 있어,4912,47
2026-07-21,obDaGr188bQ,그대는 알고 있나요,99213,520
2026-07-21,C-2VvBYgi1Y,부르고 싶은 이름이 되어 버린 너,22962,275
2026-07-21,fp3_BRbeogw,CITY,34,0
2026-07-21,BttPkrdZUtk,고작 꺼낸 한마디가,239,0
2026-07-21,CD2iBBtHWJY,울까요,245,1
2026-07-21,FrsutI3FgsI,달려가고 있어,453,0
2026-07-21,NAEVxyBcox4,보랏빛 사이렌,21189,223
2026-07-21,WCSoJPk7ePQ,널 따라,184,0
2026-07-21,e0zNwl97eME,눈을 감아도,505,4
2026-07-21,fM_jW4SQ6dQ,CITY,5013,21
2026-07-21,pOgM2e9ltco,멍청아,319,1
2026-07-21,yes8AZebW0c,오늘밤엔 꼭,5305,33
2026-07-21,z_NlEEOggzE,부서지길 바래,275,0
2026-07-21,8wFDNGfSZvU,달려가고 있어,4595,46
2026-07-21,bi3lP1CcOTY,고작 꺼낸 한마디가,4822,55
2026-07-21,MqOAcmgJU0M,널 따라,3194,30
2026-07-21,FmwaEEomopk,눈을 감아도,47732,311
2026-07-21,6dtQjvc8n3c,울까요,6431,57
2026-07-21,eIXJnHWgtBk,부서지길 바래,3207,24
2026-07-21,p7KgqfEmyB8,멍청아,3718,33
2026-07-22,7WyUqIqZvwA,피어나게 해,1918,386
2026-07-22,RMWR7fuyPY4,한 뼘,1929,73
2026-07-22,3kSM8nnaFyk,그대는 날,2944,100
2026-07-22,igPe3SalZaM,All Right,10380,379
2026-07-22,_3asYN_OV_U,추억은 계절처럼 찾아와,55917,326
2026-07-22,Nr0tzBlONjc,나를 사랑하지 않는 너에게,13632,145
2026-07-22,aWPNx-qvHkk,나를 사랑하지 않는 나에게,2889,30
2026-07-22,OX4W0K4ij1Q,넌 바다야,36756,402
2026-07-22,H-rBnGJ0xWM,작은 약속,51630,270
2026-07-22,b6afis3lmuA,Only for you,26524,111
2026-07-22,-2SkSDzl65Q,나는 너,25147,237
2026-07-22,eIGQOGNHn0Y,이제는 안녕 (영범이에게),27383,113
2026-07-22,upxyzZ9aaDg,투명한 콜라,35103,344
2026-07-22,YGOpr4EP2CE,잊어주세요,9836,128
2026-07-22,Snl3FIO9T80,남겨두고서,16745,148
2026-07-22,K_s-Nr9lp6k,영영,87676,1842
2026-07-22,hme8ULDjQpg,봄이어라,5786,58
2026-07-22,Sv2oTzU6JFs,마지막 1초,8309,73
2026-07-22,qJfGWQl0xjo,하얀 운동화 (feat. 김인디),8420,113
2026-07-22,rFsGrFl5QqU,종이비행기,7119,64
2026-07-22,w1HcX17JYPM,그 한마디,7988,58
2026-07-22,570BJzlYaqU,너의 노래가 될게,44177,621
2026-07-22,f2tVdl7BzIw,마주치지 말걸 그랬어,71021,839
2026-07-22,1HVuTOrf_Ns,사랑한다고 말해볼까요,12998,137
2026-07-22,1kOZilM88g0,여전히 널,59709,590
2026-07-22,VG-gznNRHIQ,스위트피,5030,42
2026-07-22,x2Rv27prn9c,누가 그랬나요,17166,235
2026-07-22,Ot4xAK2T-s0,미안할 건 없지,19857,413
2026-07-22,nlwQFSs9C1c,인공소녀,3944,35
2026-07-22,SctlVInapnA,눈부시게 행복하기를,6635,77
2026-07-22,J1tMAzBHUo8,이 밤이 다정하게 우릴 속여도,3233,33
2026-07-22,mf1SsEWha0U,핑크빛 립스틱,11833,98
2026-07-22,Xl9xoodpb30,첫 번째 비밀,3339,21
2026-07-22,xdRQQ-uV-ew,F&T,4999,31
2026-07-22,OyePmUzjlb4,0이 될 때까지 지워내,251601,2732
2026-07-22,2dNYo-2tlgU,도레미파솔라시도,9366,88
2026-07-22,Z7ITvksAdGM,아직 태어나지 않았나요,4035,36
2026-07-22,KSyWk3ISs4o,달빛도 잠든 거리,5589,36
2026-07-22,oiJmQr3BoDc,멈추지 않는 바람만,18533,210
2026-07-22,HB2VnB5uUz0,"Rewind, Forward",6555,118
2026-07-22,YOp8gxf8HTw,난 여기 있을게,10595,262
2026-07-22,GgntvWwYvu8,Red Juice,2637,19
2026-07-22,IxoVAgHM0Cs,안녕은 영원한 이별이 아니길,138327,946
2026-07-22,rc8tF5uct_g,봄이 오고 있어,4967,55
2026-07-22,obDaGr188bQ,그대는 알고 있나요,99833,620
2026-07-22,C-2VvBYgi1Y,부르고 싶은 이름이 되어 버린 너,23389,427
2026-07-22,fp3_BRbeogw,CITY,35,1
2026-07-22,BttPkrdZUtk,고작 꺼낸 한마디가,240,1
2026-07-22,CD2iBBtHWJY,울까요,247,2
2026-07-22,FrsutI3FgsI,달려가고 있어,455,2
2026-07-22,NAEVxyBcox4,보랏빛 사이렌,21493,304
2026-07-22,WCSoJPk7ePQ,널 따라,185,1
2026-07-22,e0zNwl97eME,눈을 감아도,507,2
2026-07-22,fM_jW4SQ6dQ,CITY,5032,19
2026-07-22,pOgM2e9ltco,멍청아,320,1
2026-07-22,yes8AZebW0c,오늘밤엔 꼭,5334,29
2026-07-22,z_NlEEOggzE,부서지길 바래,276,1
2026-07-22,8wFDNGfSZvU,달려가고 있어,4623,28
2026-07-22,bi3lP1CcOTY,고작 꺼낸 한마디가,4860,38
2026-07-22,MqOAcmgJU0M,널 따라,3210,16
2026-07-22,FmwaEEomopk,눈을 감아도,48159,427
2026-07-22,6dtQjvc8n3c,울까요,6507,76
2026-07-22,eIXJnHWgtBk,부서지길 바래,3235,28
2026-07-22,p7KgqfEmyB8,멍청아,3743,25
2026-07-23,BQIVyt3Dn6U,만약에 사랑이 아니었다면,0,0
2026-07-23,7WyUqIqZvwA,피어나게 해,2203,285
2026-07-23,RMWR7fuyPY4,한 뼘,2005,76
2026-07-23,3kSM8nnaFyk,그대는 날,3034,90
2026-07-23,igPe3SalZaM,All Right,10777,397
2026-07-23,_3asYN_OV_U,추억은 계절처럼 찾아와,56312,395
2026-07-23,Nr0tzBlONjc,나를 사랑하지 않는 너에게,13779,147
2026-07-23,aWPNx-qvHkk,나를 사랑하지 않는 나에게,2923,34
2026-07-23,OX4W0K4ij1Q,넌 바다야,37093,337
2026-07-23,H-rBnGJ0xWM,작은 약속,51860,230
2026-07-23,b6afis3lmuA,Only for you,26611,87
2026-07-23,-2SkSDzl65Q,나는 너,25352,205
2026-07-23,eIGQOGNHn0Y,이제는 안녕 (영범이에게),27463,80
2026-07-23,upxyzZ9aaDg,투명한 콜라,35446,343
2026-07-23,YGOpr4EP2CE,잊어주세요,9949,113
2026-07-23,Snl3FIO9T80,남겨두고서,16891,146
2026-07-23,K_s-Nr9lp6k,영영,89302,1626
2026-07-23,hme8ULDjQpg,봄이어라,5858,72
2026-07-23,Sv2oTzU6JFs,마지막 1초,8397,88
2026-07-23,qJfGWQl0xjo,하얀 운동화 (feat. 김인디),8560,140
2026-07-23,rFsGrFl5QqU,종이비행기,7187,68
2026-07-23,w1HcX17JYPM,그 한마디,8066,78
2026-07-23,570BJzlYaqU,너의 노래가 될게,44766,589
2026-07-23,f2tVdl7BzIw,마주치지 말걸 그랬어,72009,988
2026-07-23,1HVuTOrf_Ns,사랑한다고 말해볼까요,13157,159
2026-07-23,1kOZilM88g0,여전히 널,60239,530
2026-07-23,VG-gznNRHIQ,스위트피,5076,46
2026-07-23,x2Rv27prn9c,누가 그랬나요,17442,276
2026-07-23,Ot4xAK2T-s0,미안할 건 없지,20201,344
2026-07-23,nlwQFSs9C1c,인공소녀,3989,45
2026-07-23,SctlVInapnA,눈부시게 행복하기를,6728,93
2026-07-23,J1tMAzBHUo8,이 밤이 다정하게 우릴 속여도,3262,29
2026-07-23,mf1SsEWha0U,핑크빛 립스틱,11926,93
2026-07-23,Xl9xoodpb30,첫 번째 비밀,3374,35
2026-07-23,xdRQQ-uV-ew,F&T,5027,28
2026-07-23,OyePmUzjlb4,0이 될 때까지 지워내,254040,2439
2026-07-23,2dNYo-2tlgU,도레미파솔라시도,9433,67
2026-07-23,Z7ITvksAdGM,아직 태어나지 않았나요,4096,61
2026-07-23,KSyWk3ISs4o,달빛도 잠든 거리,5633,44
2026-07-23,oiJmQr3BoDc,멈추지 않는 바람만,18794,261
2026-07-23,HB2VnB5uUz0,"Rewind, Forward",6646,91
2026-07-23,YOp8gxf8HTw,난 여기 있을게,10922,327
2026-07-23,GgntvWwYvu8,Red Juice,2662,25
2026-07-23,IxoVAgHM0Cs,안녕은 영원한 이별이 아니길,139611,1284
2026-07-23,rc8tF5uct_g,봄이 오고 있어,5015,48
2026-07-23,obDaGr188bQ,그대는 알고 있나요,100510,677
2026-07-23,C-2VvBYgi1Y,부르고 싶은 이름이 되어 버린 너,23997,608
2026-07-23,fp3_BRbeogw,CITY,35,0
2026-07-23,BttPkrdZUtk,고작 꺼낸 한마디가,242,2
2026-07-23,CD2iBBtHWJY,울까요,248,1
2026-07-23,FrsutI3FgsI,달려가고 있어,461,6
2026-07-23,NAEVxyBcox4,보랏빛 사이렌,21721,228
2026-07-23,WCSoJPk7ePQ,널 따라,186,1
2026-07-23,e0zNwl97eME,눈을 감아도,509,2
2026-07-23,fM_jW4SQ6dQ,CITY,5055,23
2026-07-23,pOgM2e9ltco,멍청아,321,1
2026-07-23,yes8AZebW0c,오늘밤엔 꼭,5372,38
2026-07-23,z_NlEEOggzE,부서지길 바래,277,1
2026-07-23,8wFDNGfSZvU,달려가고 있어,4675,52
2026-07-23,bi3lP1CcOTY,고작 꺼낸 한마디가,4911,51
2026-07-23,MqOAcmgJU0M,널 따라,3240,30
2026-07-23,FmwaEEomopk,눈을 감아도,48608,449
2026-07-23,6dtQjvc8n3c,울까요,6567,60
2026-07-23,eIXJnHWgtBk,부서지길 바래,3256,21
2026-07-23,p7KgqfEmyB8,멍청아,3772,29
2026-07-24,-XI09WFrJrU,비겁한 사람아,0,0
2026-07-24,BQIVyt3Dn6U,만약에 사랑이 아니었다면,310,310
2026-07-24,7WyUqIqZvwA,피어나게 해,2680,477
2026-07-24,RMWR7fuyPY4,한 뼘,2076,71
2026-07-24,3kSM8nnaFyk,그대는 날,3194,160
2026-07-24,igPe3SalZaM,All Right,11217,440
2026-07-24,_3asYN_OV_U,추억은 계절처럼 찾아와,56786,474
2026-07-24,Nr0tzBlONjc,나를 사랑하지 않는 너에게,13984,205
2026-07-24,aWPNx-qvHkk,나를 사랑하지 않는 나에게,2949,26
2026-07-24,OX4W0K4ij1Q,넌 바다야,37514,421
2026-07-24,H-rBnGJ0xWM,작은 약속,52171,311
2026-07-24,b6afis3lmuA,Only for you,26746,135
2026-07-24,-2SkSDzl65Q,나는 너,25601,249
2026-07-24,eIGQOGNHn0Y,이제는 안녕 (영범이에게),27555,92
2026-07-24,upxyzZ9aaDg,투명한 콜라,35786,340
2026-07-24,YGOpr4EP2CE,잊어주세요,10065,116
2026-07-24,Snl3FIO9T80,남겨두고서,17091,200
2026-07-24,K_s-Nr9lp6k,영영,90873,1571
2026-07-24,hme8ULDjQpg,봄이어라,5916,58
2026-07-24,Sv2oTzU6JFs,마지막 1초,8476,79
2026-07-24,qJfGWQl0xjo,하얀 운동화 (feat. 김인디),8734,174
2026-07-24,rFsGrFl5QqU,종이비행기,7245,58
2026-07-24,w1HcX17JYPM,그 한마디,8121,55
2026-07-24,570BJzlYaqU,너의 노래가 될게,45264,498
2026-07-24,f2tVdl7BzIw,마주치지 말걸 그랬어,73067,1058
2026-07-24,1HVuTOrf_Ns,사랑한다고 말해볼까요,13369,212
2026-07-24,1kOZilM88g0,여전히 널,60707,468
2026-07-24,VG-gznNRHIQ,스위트피,5122,46
2026-07-24,x2Rv27prn9c,누가 그랬나요,17757,315
2026-07-24,Ot4xAK2T-s0,미안할 건 없지,20506,305
2026-07-24,nlwQFSs9C1c,인공소녀,4031,42
2026-07-24,SctlVInapnA,눈부시게 행복하기를,6844,116
2026-07-24,J1tMAzBHUo8,이 밤이 다정하게 우릴 속여도,3292,30
2026-07-24,mf1SsEWha0U,핑크빛 립스틱,12003,77
2026-07-24,Xl9xoodpb30,첫 번째 비밀,3400,26
2026-07-24,xdRQQ-uV-ew,F&T,5069,42
2026-07-24,OyePmUzjlb4,0이 될 때까지 지워내,256508,2468
2026-07-24,2dNYo-2tlgU,도레미파솔라시도,9535,102
2026-07-24,Z7ITvksAdGM,아직 태어나지 않았나요,4158,62
2026-07-24,KSyWk3ISs4o,달빛도 잠든 거리,5676,43
2026-07-24,oiJmQr3BoDc,멈추지 않는 바람만,19043,249
2026-07-24,HB2VnB5uUz0,"Rewind, Forward",6763,117
2026-07-24,YOp8gxf8HTw,난 여기 있을게,11226,304
2026-07-24,GgntvWwYvu8,Red Juice,2686,24
2026-07-24,IxoVAgHM0Cs,안녕은 영원한 이별이 아니길,141154,1543
2026-07-24,rc8tF5uct_g,봄이 오고 있어,5082,67
2026-07-24,obDaGr188bQ,그대는 알고 있나요,101146,636
2026-07-24,C-2VvBYgi1Y,부르고 싶은 이름이 되어 버린 너,24731,734
2026-07-24,fp3_BRbeogw,CITY,35,0
2026-07-24,BttPkrdZUtk,고작 꺼낸 한마디가,244,2
2026-07-24,CD2iBBtHWJY,울까요,249,1
2026-07-24,FrsutI3FgsI,달려가고 있어,465,4
2026-07-24,NAEVxyBcox4,보랏빛 사이렌,22006,285
2026-07-24,WCSoJPk7ePQ,널 따라,186,0
2026-07-24,e0zNwl97eME,눈을 감아도,510,1
2026-07-24,fM_jW4SQ6dQ,CITY,5094,39
2026-07-24,pOgM2e9ltco,멍청아,322,1
2026-07-24,yes8AZebW0c,오늘밤엔 꼭,5426,54
2026-07-24,z_NlEEOggzE,부서지길 바래,278,1
2026-07-24,8wFDNGfSZvU,달려가고 있어,4718,43
2026-07-24,bi3lP1CcOTY,고작 꺼낸 한마디가,4951,40
2026-07-24,MqOAcmgJU0M,널 따라,3273,33
2026-07-24,FmwaEEomopk,눈을 감아도,49044,436
2026-07-24,6dtQjvc8n3c,울까요,6639,72
2026-07-24,eIXJnHWgtBk,부서지길 바래,3303,47
2026-07-24,p7KgqfEmyB8,멍청아,3807,35
2026-07-26,-XI09WFrJrU,비겁한 사람아,155,155
2026-07-26,BQIVyt3Dn6U,만약에 사랑이 아니었다면,1107,797
2026-07-26,7WyUqIqZvwA,피어나게 해,3233,553
2026-07-26,RMWR7fuyPY4,한 뼘,2249,173
2026-07-26,3kSM8nnaFyk,그대는 날,3461,267
2026-07-26,igPe3SalZaM,All Right,11791,574
2026-07-26,_3asYN_OV_U,추억은 계절처럼 찾아와,57798,1012
2026-07-26,Nr0tzBlONjc,나를 사랑하지 않는 너에게,14339,355
2026-07-26,aWPNx-qvHkk,나를 사랑하지 않는 나에게,2989,40
2026-07-26,OX4W0K4ij1Q,넌 바다야,38302,788
2026-07-26,H-rBnGJ0xWM,작은 약속,52706,535
2026-07-26,b6afis3lmuA,Only for you,26930,184
2026-07-26,-2SkSDzl65Q,나는 너,26136,535
2026-07-26,eIGQOGNHn0Y,이제는 안녕 (영범이에게),27780,225
2026-07-26,upxyzZ9aaDg,투명한 콜라,36452,666
2026-07-26,YGOpr4EP2CE,잊어주세요,10316,251
2026-07-26,Snl3FIO9T80,남겨두고서,17404,313
2026-07-26,K_s-Nr9lp6k,영영,93643,2770
2026-07-26,hme8ULDjQpg,봄이어라,6051,135
2026-07-26,Sv2oTzU6JFs,마지막 1초,8667,191
2026-07-26,qJfGWQl0xjo,하얀 운동화 (feat. 김인디),9023,289
2026-07-26,rFsGrFl5QqU,종이비행기,7350,105
2026-07-26,w1HcX17JYPM,그 한마디,8219,98
2026-07-26,570BJzlYaqU,너의 노래가 될게,46280,1016
2026-07-26,f2tVdl7BzIw,마주치지 말걸 그랬어,74968,1901
2026-07-26,1HVuTOrf_Ns,사랑한다고 말해볼까요,13792,423
2026-07-26,1kOZilM88g0,여전히 널,61519,812
2026-07-26,VG-gznNRHIQ,스위트피,5214,92
2026-07-26,x2Rv27prn9c,누가 그랬나요,18261,504
2026-07-26,Ot4xAK2T-s0,미안할 건 없지,21130,624
2026-07-26,nlwQFSs9C1c,인공소녀,4112,81
2026-07-26,SctlVInapnA,눈부시게 행복하기를,7018,174
2026-07-26,J1tMAzBHUo8,이 밤이 다정하게 우릴 속여도,3338,46
2026-07-26,mf1SsEWha0U,핑크빛 립스틱,12148,145
2026-07-26,Xl9xoodpb30,첫 번째 비밀,3446,46
2026-07-26,xdRQQ-uV-ew,F&T,5132,63
2026-07-26,OyePmUzjlb4,0이 될 때까지 지워내,261472,4964
2026-07-26,2dNYo-2tlgU,도레미파솔라시도,9649,114
2026-07-26,Z7ITvksAdGM,아직 태어나지 않았나요,4260,102
2026-07-26,KSyWk3ISs4o,달빛도 잠든 거리,5751,75
2026-07-26,oiJmQr3BoDc,멈추지 않는 바람만,19801,758
2026-07-26,HB2VnB5uUz0,"Rewind, Forward",6937,174
2026-07-26,YOp8gxf8HTw,난 여기 있을게,12053,827
2026-07-26,GgntvWwYvu8,Red Juice,2730,44
2026-07-26,IxoVAgHM0Cs,안녕은 영원한 이별이 아니길,143568,2414
2026-07-26,rc8tF5uct_g,봄이 오고 있어,5227,145
2026-07-26,obDaGr188bQ,그대는 알고 있나요,102295,1149
2026-07-26,C-2VvBYgi1Y,부르고 싶은 이름이 되어 버린 너,25414,683
2026-07-26,fp3_BRbeogw,CITY,35,0
2026-07-26,BttPkrdZUtk,고작 꺼낸 한마디가,246,2
2026-07-26,CD2iBBtHWJY,울까요,252,3
2026-07-26,FrsutI3FgsI,달려가고 있어,467,2
2026-07-26,NAEVxyBcox4,보랏빛 사이렌,22543,537
2026-07-26,WCSoJPk7ePQ,널 따라,187,1
2026-07-26,e0zNwl97eME,눈을 감아도,516,6
2026-07-26,fM_jW4SQ6dQ,CITY,5136,42
2026-07-26,pOgM2e9ltco,멍청아,325,3
2026-07-26,yes8AZebW0c,오늘밤엔 꼭,5481,55
2026-07-26,z_NlEEOggzE,부서지길 바래,282,4
2026-07-26,8wFDNGfSZvU,달려가고 있어,4777,59
2026-07-26,bi3lP1CcOTY,고작 꺼낸 한마디가,5039,88
2026-07-26,MqOAcmgJU0M,널 따라,3321,48
2026-07-26,FmwaEEomopk,눈을 감아도,49909,865
2026-07-26,6dtQjvc8n3c,울까요,6771,132
2026-07-26,eIXJnHWgtBk,부서지길 바래,3350,47
2026-07-26,p7KgqfEmyB8,멍청아,3856,49
2026-07-27,-XI09WFrJrU,비겁한 사람아,192,37
2026-07-27,BQIVyt3Dn6U,만약에 사랑이 아니었다면,1305,198
2026-07-27,7WyUqIqZvwA,피어나게 해,3449,216
2026-07-27,RMWR7fuyPY4,한 뼘,2307,58
2026-07-27,3kSM8nnaFyk,그대는 날,3587,126
2026-07-27,igPe3SalZaM,All Right,12026,235
2026-07-27,_3asYN_OV_U,추억은 계절처럼 찾아와,58292,494
2026-07-27,Nr0tzBlONjc,나를 사랑하지 않는 너에게,14459,120
2026-07-27,aWPNx-qvHkk,나를 사랑하지 않는 나에게,3013,24
2026-07-27,OX4W0K4ij1Q,넌 바다야,38581,279
2026-07-27,H-rBnGJ0xWM,작은 약속,52913,207
2026-07-27,b6afis3lmuA,Only for you,27013,83
2026-07-27,-2SkSDzl65Q,나는 너,26415,279
2026-07-27,eIGQOGNHn0Y,이제는 안녕 (영범이에게),27846,66
2026-07-27,upxyzZ9aaDg,투명한 콜라,36711,259
2026-07-27,YGOpr4EP2CE,잊어주세요,10386,70
2026-07-27,Snl3FIO9T80,남겨두고서,17517,113
2026-07-27,K_s-Nr9lp6k,영영,94990,1347
2026-07-27,hme8ULDjQpg,봄이어라,6088,37
2026-07-27,Sv2oTzU6JFs,마지막 1초,8760,93
2026-07-27,qJfGWQl0xjo,하얀 운동화 (feat. 김인디),9164,141
2026-07-27,rFsGrFl5QqU,종이비행기,7391,41
2026-07-27,w1HcX17JYPM,그 한마디,8259,40
2026-07-27,570BJzlYaqU,너의 노래가 될게,46713,433
2026-07-27,f2tVdl7BzIw,마주치지 말걸 그랬어,75660,692
2026-07-27,1HVuTOrf_Ns,사랑한다고 말해볼까요,14006,214
2026-07-27,1kOZilM88g0,여전히 널,61888,369
2026-07-27,VG-gznNRHIQ,스위트피,5248,34
2026-07-27,x2Rv27prn9c,누가 그랬나요,18452,191
2026-07-27,Ot4xAK2T-s0,미안할 건 없지,21378,248
2026-07-27,nlwQFSs9C1c,인공소녀,4139,27
2026-07-27,SctlVInapnA,눈부시게 행복하기를,7150,132
2026-07-27,J1tMAzBHUo8,이 밤이 다정하게 우릴 속여도,3354,16
2026-07-27,mf1SsEWha0U,핑크빛 립스틱,12189,41
2026-07-27,Xl9xoodpb30,첫 번째 비밀,3463,17
2026-07-27,xdRQQ-uV-ew,F&T,5145,13
2026-07-27,OyePmUzjlb4,0이 될 때까지 지워내,263669,2197
2026-07-27,2dNYo-2tlgU,도레미파솔라시도,9712,63
2026-07-27,Z7ITvksAdGM,아직 태어나지 않았나요,4289,29
2026-07-27,KSyWk3ISs4o,달빛도 잠든 거리,5794,43
2026-07-27,oiJmQr3BoDc,멈추지 않는 바람만,20177,376
2026-07-27,HB2VnB5uUz0,"Rewind, Forward",6994,57
2026-07-27,YOp8gxf8HTw,난 여기 있을게,12361,308
2026-07-27,GgntvWwYvu8,Red Juice,2749,19
2026-07-27,IxoVAgHM0Cs,안녕은 영원한 이별이 아니길,144611,1043
2026-07-27,rc8tF5uct_g,봄이 오고 있어,5306,79
2026-07-27,obDaGr188bQ,그대는 알고 있나요,102839,544
2026-07-27,C-2VvBYgi1Y,부르고 싶은 이름이 되어 버린 너,25749,335
2026-07-27,fp3_BRbeogw,CITY,35,0
2026-07-27,BttPkrdZUtk,고작 꺼낸 한마디가,246,0
2026-07-27,CD2iBBtHWJY,울까요,252,0
2026-07-27,FrsutI3FgsI,달려가고 있어,468,1
2026-07-27,NAEVxyBcox4,보랏빛 사이렌,22736,193
2026-07-27,WCSoJPk7ePQ,널 따라,187,0
2026-07-27,e0zNwl97eME,눈을 감아도,518,2
2026-07-27,fM_jW4SQ6dQ,CITY,5151,15
2026-07-27,pOgM2e9ltco,멍청아,325,0
2026-07-27,yes8AZebW0c,오늘밤엔 꼭,5516,35
2026-07-27,z_NlEEOggzE,부서지길 바래,283,1
2026-07-27,8wFDNGfSZvU,달려가고 있어,4792,15
2026-07-27,bi3lP1CcOTY,고작 꺼낸 한마디가,5083,44
2026-07-27,MqOAcmgJU0M,널 따라,3336,15
2026-07-27,FmwaEEomopk,눈을 감아도,50248,339
2026-07-27,6dtQjvc8n3c,울까요,6815,44
2026-07-27,eIXJnHWgtBk,부서지길 바래,3365,15
2026-07-27,p7KgqfEmyB8,멍청아,3888,32
2026-07-28,-XI09WFrJrU,비겁한 사람아,231,39
2026-07-28,BQIVyt3Dn6U,만약에 사랑이 아니었다면,1548,243
2026-07-28,7WyUqIqZvwA,피어나게 해,3720,271
2026-07-28,RMWR7fuyPY4,한 뼘,2376,69
2026-07-28,3kSM8nnaFyk,그대는 날,3677,90
2026-07-28,igPe3SalZaM,All Right,12296,270
2026-07-28,_3asYN_OV_U,추억은 계절처럼 찾아와,58633,341
2026-07-28,Nr0tzBlONjc,나를 사랑하지 않는 너에게,14626,167
2026-07-28,aWPNx-qvHkk,나를 사랑하지 않는 나에게,3043,30
2026-07-28,OX4W0K4ij1Q,넌 바다야,38883,302
2026-07-28,H-rBnGJ0xWM,작은 약속,53114,201
2026-07-28,b6afis3lmuA,Only for you,27086,73
2026-07-28,-2SkSDzl65Q,나는 너,26649,234
2026-07-28,eIGQOGNHn0Y,이제는 안녕 (영범이에게),27949,103
2026-07-28,upxyzZ9aaDg,투명한 콜라,37060,349
2026-07-28,YGOpr4EP2CE,잊어주세요,10498,112
2026-07-28,Snl3FIO9T80,남겨두고서,17662,145
2026-07-28,K_s-Nr9lp6k,영영,96433,1443
2026-07-28,hme8ULDjQpg,봄이어라,6145,57
2026-07-28,Sv2oTzU6JFs,마지막 1초,8836,76
2026-07-28,qJfGWQl0xjo,하얀 운동화 (feat. 김인디),9285,121
2026-07-28,rFsGrFl5QqU,종이비행기,7440,49
2026-07-28,w1HcX17JYPM,그 한마디,8305,46
2026-07-28,570BJzlYaqU,너의 노래가 될게,47065,352
2026-07-28,f2tVdl7BzIw,마주치지 말걸 그랬어,76306,646
2026-07-28,1HVuTOrf_Ns,사랑한다고 말해볼까요,14245,239
2026-07-28,1kOZilM88g0,여전히 널,62313,425
2026-07-28,VG-gznNRHIQ,스위트피,5293,45
2026-07-28,x2Rv27prn9c,누가 그랬나요,18697,245
2026-07-28,Ot4xAK2T-s0,미안할 건 없지,21653,275
2026-07-28,nlwQFSs9C1c,인공소녀,4179,40
2026-07-28,SctlVInapnA,눈부시게 행복하기를,7242,92
2026-07-28,J1tMAzBHUo8,이 밤이 다정하게 우릴 속여도,3373,19
2026-07-28,mf1SsEWha0U,핑크빛 립스틱,12257,68
2026-07-28,Xl9xoodpb30,첫 번째 비밀,3482,19
2026-07-28,xdRQQ-uV-ew,F&T,5164,19
2026-07-28,OyePmUzjlb4,0이 될 때까지 지워내,265776,2107
2026-07-28,2dNYo-2tlgU,도레미파솔라시도,9754,42
2026-07-28,Z7ITvksAdGM,아직 태어나지 않았나요,4320,31
2026-07-28,KSyWk3ISs4o,달빛도 잠든 거리,5829,35
2026-07-28,oiJmQr3BoDc,멈추지 않는 바람만,20520,343
2026-07-28,HB2VnB5uUz0,"Rewind, Forward",7093,99
2026-07-28,YOp8gxf8HTw,난 여기 있을게,12621,260
2026-07-28,GgntvWwYvu8,Red Juice,2774,25
2026-07-28,IxoVAgHM0Cs,안녕은 영원한 이별이 아니길,145770,1159
2026-07-28,rc8tF5uct_g,봄이 오고 있어,5376,70
2026-07-28,obDaGr188bQ,그대는 알고 있나요,103365,526
2026-07-28,C-2VvBYgi1Y,부르고 싶은 이름이 되어 버린 너,26105,356
2026-07-28,fp3_BRbeogw,CITY,35,0
2026-07-28,BttPkrdZUtk,고작 꺼낸 한마디가,246,0
2026-07-28,CD2iBBtHWJY,울까요,252,0
2026-07-28,FrsutI3FgsI,달려가고 있어,468,0
2026-07-28,NAEVxyBcox4,보랏빛 사이렌,22915,179
2026-07-28,WCSoJPk7ePQ,널 따라,187,0
2026-07-28,e0zNwl97eME,눈을 감아도,519,1
2026-07-28,fM_jW4SQ6dQ,CITY,5179,28
2026-07-28,pOgM2e9ltco,멍청아,325,0
2026-07-28,yes8AZebW0c,오늘밤엔 꼭,5557,41
2026-07-28,z_NlEEOggzE,부서지길 바래,284,1
2026-07-28,8wFDNGfSZvU,달려가고 있어,4815,23
2026-07-28,bi3lP1CcOTY,고작 꺼낸 한마디가,5112,29
2026-07-28,MqOAcmgJU0M,널 따라,3352,16
2026-07-28,FmwaEEomopk,눈을 감아도,50600,352
2026-07-28,6dtQjvc8n3c,울까요,6855,40
2026-07-28,eIXJnHWgtBk,부서지길 바래,3386,21
2026-07-28,p7KgqfEmyB8,멍청아,3910,22
2026-07-29,-XI09WFrJrU,비겁한 사람아,269,38
2026-07-29,BQIVyt3Dn6U,만약에 사랑이 아니었다면,2394,846
2026-07-29,7WyUqIqZvwA,피어나게 해,3922,202
2026-07-29,RMWR7fuyPY4,한 뼘,2504,128
2026-07-29,3kSM8nnaFyk,그대는 날,3776,99
2026-07-29,igPe3SalZaM,All Right,12606,310
2026-07-29,_3asYN_OV_U,추억은 계절처럼 찾아와,59035,402
2026-07-29,Nr0tzBlONjc,나를 사랑하지 않는 너에게,14778,152
2026-07-29,aWPNx-qvHkk,나를 사랑하지 않는 나에게,3068,25
2026-07-29,OX4W0K4ij1Q,넌 바다야,39179,296
2026-07-29,H-rBnGJ0xWM,작은 약속,53415,301
2026-07-29,b6afis3lmuA,Only for you,27212,126
2026-07-29,-2SkSDzl65Q,나는 너,26913,264
2026-07-29,eIGQOGNHn0Y,이제는 안녕 (영범이에게),28049,100
2026-07-29,upxyzZ9aaDg,투명한 콜라,37398,338
2026-07-29,YGOpr4EP2CE,잊어주세요,10614,116
2026-07-29,Snl3FIO9T80,남겨두고서,17793,131
2026-07-29,K_s-Nr9lp6k,영영,97959,1526
2026-07-29,hme8ULDjQpg,봄이어라,6205,60
2026-07-29,Sv2oTzU6JFs,마지막 1초,8898,62
2026-07-29,qJfGWQl0xjo,하얀 운동화 (feat. 김인디),9469,184
2026-07-29,rFsGrFl5QqU,종이비행기,7489,49
2026-07-29,w1HcX17JYPM,그 한마디,8358,53
2026-07-29,570BJzlYaqU,너의 노래가 될게,47671,606
2026-07-29,f2tVdl7BzIw,마주치지 말걸 그랬어,77102,796
2026-07-29,1HVuTOrf_Ns,사랑한다고 말해볼까요,14468,223
2026-07-29,1kOZilM88g0,여전히 널,62735,422
2026-07-29,VG-gznNRHIQ,스위트피,5335,42
2026-07-29,x2Rv27prn9c,누가 그랬나요,18979,282
2026-07-29,Ot4xAK2T-s0,미안할 건 없지,21996,343
2026-07-29,nlwQFSs9C1c,인공소녀,4228,49
2026-07-29,SctlVInapnA,눈부시게 행복하기를,7347,105
2026-07-29,J1tMAzBHUo8,이 밤이 다정하게 우릴 속여도,3395,22
2026-07-29,mf1SsEWha0U,핑크빛 립스틱,12343,86
2026-07-29,Xl9xoodpb30,첫 번째 비밀,3509,27
2026-07-29,xdRQQ-uV-ew,F&T,5203,39
2026-07-29,OyePmUzjlb4,0이 될 때까지 지워내,267936,2160
2026-07-29,2dNYo-2tlgU,도레미파솔라시도,9807,53
2026-07-29,Z7ITvksAdGM,아직 태어나지 않았나요,4361,41
2026-07-29,KSyWk3ISs4o,달빛도 잠든 거리,5880,51
2026-07-29,oiJmQr3BoDc,멈추지 않는 바람만,20828,308
2026-07-29,HB2VnB5uUz0,"Rewind, Forward",7181,88
2026-07-29,YOp8gxf8HTw,난 여기 있을게,13155,534
2026-07-29,GgntvWwYvu8,Red Juice,2799,25
2026-07-29,IxoVAgHM0Cs,안녕은 영원한 이별이 아니길,146914,1144
2026-07-29,rc8tF5uct_g,봄이 오고 있어,5438,62
2026-07-29,obDaGr188bQ,그대는 알고 있나요,103922,557
2026-07-29,C-2VvBYgi1Y,부르고 싶은 이름이 되어 버린 너,26498,393
2026-07-29,fp3_BRbeogw,CITY,36,1
2026-07-29,BttPkrdZUtk,고작 꺼낸 한마디가,247,1
2026-07-29,CD2iBBtHWJY,울까요,253,1
2026-07-29,FrsutI3FgsI,달려가고 있어,471,3
2026-07-29,NAEVxyBcox4,보랏빛 사이렌,23104,189
2026-07-29,WCSoJPk7ePQ,널 따라,188,1
2026-07-29,e0zNwl97eME,눈을 감아도,522,3
2026-07-29,fM_jW4SQ6dQ,CITY,5215,36
2026-07-29,pOgM2e9ltco,멍청아,325,0
2026-07-29,yes8AZebW0c,오늘밤엔 꼭,5604,47
2026-07-29,z_NlEEOggzE,부서지길 바래,285,1
2026-07-29,8wFDNGfSZvU,달려가고 있어,4854,39
2026-07-29,bi3lP1CcOTY,고작 꺼낸 한마디가,5157,45
2026-07-29,MqOAcmgJU0M,널 따라,3379,27
2026-07-29,FmwaEEomopk,눈을 감아도,51019,419
2026-07-29,6dtQjvc8n3c,울까요,6915,60
2026-07-29,eIXJnHWgtBk,부서지길 바래,3424,38
2026-07-29,p7KgqfEmyB8,멍청아,3951,41
2026-07-30,Ak8-z68fV-U,다 거짓말,0,0
2026-07-30,-XI09WFrJrU,비겁한 사람아,323,54
2026-07-30,BQIVyt3Dn6U,만약에 사랑이 아니었다면,3049,655
2026-07-30,7WyUqIqZvwA,피어나게 해,4166,244
2026-07-30,RMWR7fuyPY4,한 뼘,2630,126
2026-07-30,3kSM8nnaFyk,그대는 날,3878,102
2026-07-30,igPe3SalZaM,All Right,12891,285
2026-07-30,_3asYN_OV_U,추억은 계절처럼 찾아와,59466,431
2026-07-30,Nr0tzBlONjc,나를 사랑하지 않는 너에게,14925,147
2026-07-30,aWPNx-qvHkk,나를 사랑하지 않는 나에게,3089,21
2026-07-30,OX4W0K4ij1Q,넌 바다야,39451,272
2026-07-30,H-rBnGJ0xWM,작은 약속,53684,269
2026-07-30,b6afis3lmuA,Only for you,27311,99
2026-07-30,-2SkSDzl65Q,나는 너,27148,235
2026-07-30,eIGQOGNHn0Y,이제는 안녕 (영범이에게),28158,109
2026-07-30,upxyzZ9aaDg,투명한 콜라,37728,330
2026-07-30,YGOpr4EP2CE,잊어주세요,10738,124
2026-07-30,Snl3FIO9T80,남겨두고서,17941,148
2026-07-30,K_s-Nr9lp6k,영영,99678,1719
2026-07-30,hme8ULDjQpg,봄이어라,6261,56
2026-07-30,Sv2oTzU6JFs,마지막 1초,8964,66
2026-07-30,qJfGWQl0xjo,하얀 운동화 (feat. 김인디),9628,159
2026-07-30,rFsGrFl5QqU,종이비행기,7552,63
2026-07-30,w1HcX17JYPM,그 한마디,8419,61
2026-07-30,570BJzlYaqU,너의 노래가 될게,48231,560
2026-07-30,f2tVdl7BzIw,마주치지 말걸 그랬어,77963,861
2026-07-30,1HVuTOrf_Ns,사랑한다고 말해볼까요,14682,214
2026-07-30,1kOZilM88g0,여전히 널,63115,380
2026-07-30,VG-gznNRHIQ,스위트피,5395,60
2026-07-30,x2Rv27prn9c,누가 그랬나요,19247,268
2026-07-30,Ot4xAK2T-s0,미안할 건 없지,22305,309
2026-07-30,nlwQFSs9C1c,인공소녀,4276,48
2026-07-30,SctlVInapnA,눈부시게 행복하기를,7438,91
2026-07-30,J1tMAzBHUo8,이 밤이 다정하게 우릴 속여도,3436,41
2026-07-30,mf1SsEWha0U,핑크빛 립스틱,12413,70
2026-07-30,Xl9xoodpb30,첫 번째 비밀,3534,25
2026-07-30,xdRQQ-uV-ew,F&T,5231,28
2026-07-30,OyePmUzjlb4,0이 될 때까지 지워내,269911,1975
2026-07-30,2dNYo-2tlgU,도레미파솔라시도,9856,49
2026-07-30,Z7ITvksAdGM,아직 태어나지 않았나요,4416,55
2026-07-30,KSyWk3ISs4o,달빛도 잠든 거리,5936,56
2026-07-30,oiJmQr3BoDc,멈추지 않는 바람만,21072,244
2026-07-30,HB2VnB5uUz0,"Rewind, Forward",7274,93
2026-07-30,YOp8gxf8HTw,난 여기 있을게,13561,406
2026-07-30,GgntvWwYvu8,Red Juice,2819,20
2026-07-30,IxoVAgHM0Cs,안녕은 영원한 이별이 아니길,148220,1306
2026-07-30,rc8tF5uct_g,봄이 오고 있어,5506,68
2026-07-30,obDaGr188bQ,그대는 알고 있나요,104453,531
2026-07-30,C-2VvBYgi1Y,부르고 싶은 이름이 되어 버린 너,26942,444
2026-07-30,fp3_BRbeogw,CITY,36,0
2026-07-30,BttPkrdZUtk,고작 꺼낸 한마디가,248,1
2026-07-30,CD2iBBtHWJY,울까요,253,0
2026-07-30,FrsutI3FgsI,달려가고 있어,472,1
2026-07-30,NAEVxyBcox4,보랏빛 사이렌,23330,226
2026-07-30,WCSoJPk7ePQ,널 따라,188,0
2026-07-30,e0zNwl97eME,눈을 감아도,522,0
2026-07-30,fM_jW4SQ6dQ,CITY,5241,26
2026-07-30,pOgM2e9ltco,멍청아,325,0
2026-07-30,yes8AZebW0c,오늘밤엔 꼭,5648,44
2026-07-30,z_NlEEOggzE,부서지길 바래,285,0
2026-07-30,8wFDNGfSZvU,달려가고 있어,4892,38
2026-07-30,bi3lP1CcOTY,고작 꺼낸 한마디가,5201,44
2026-07-30,MqOAcmgJU0M,널 따라,3402,23
2026-07-30,FmwaEEomopk,눈을 감아도,51397,378
2026-07-30,6dtQjvc8n3c,울까요,6971,56
2026-07-30,eIXJnHWgtBk,부서지길 바래,3451,27
2026-07-30,p7KgqfEmyB8,멍청아,3985,34
2026-07-31,Ak8-z68fV-U,다 거짓말,559,559
2026-07-31,-XI09WFrJrU,비겁한 사람아,365,42
2026-07-31,BQIVyt3Dn6U,만약에 사랑이 아니었다면,3640,591
2026-07-31,7WyUqIqZvwA,피어나게 해,4316,150
2026-07-31,RMWR7fuyPY4,한 뼘,2696,66
2026-07-31,3kSM8nnaFyk,그대는 날,3994,116
2026-07-31,igPe3SalZaM,All Right,13174,283
2026-07-31,_3asYN_OV_U,추억은 계절처럼 찾아와,59893,427
2026-07-31,Nr0tzBlONjc,나를 사랑하지 않는 너에게,15098,173
2026-07-31,aWPNx-qvHkk,나를 사랑하지 않는 나에게,3112,23
2026-07-31,OX4W0K4ij1Q,넌 바다야,39655,204
2026-07-31,H-rBnGJ0xWM,작은 약속,53912,228
2026-07-31,b6afis3lmuA,Only for you,27447,136
2026-07-31,-2SkSDzl65Q,나는 너,27398,250
2026-07-31,eIGQOGNHn0Y,이제는 안녕 (영범이에게),28261,103
2026-07-31,upxyzZ9aaDg,투명한 콜라,38045,317
2026-07-31,YGOpr4EP2CE,잊어주세요,10830,92
2026-07-31,Snl3FIO9T80,남겨두고서,18086,145
2026-07-31,K_s-Nr9lp6k,영영,100864,1186
2026-07-31,hme8ULDjQpg,봄이어라,6310,49
2026-07-31,Sv2oTzU6JFs,마지막 1초,9029,65
2026-07-31,qJfGWQl0xjo,하얀 운동화 (feat. 김인디),9774,146
2026-07-31,rFsGrFl5QqU,종이비행기,7636,84
2026-07-31,w1HcX17JYPM,그 한마디,8457,38
2026-07-31,570BJzlYaqU,너의 노래가 될게,48764,533
2026-07-31,f2tVdl7BzIw,마주치지 말걸 그랬어,78836,873
2026-07-31,1HVuTOrf_Ns,사랑한다고 말해볼까요,14831,149
2026-07-31,1kOZilM88g0,여전히 널,63567,452
2026-07-31,VG-gznNRHIQ,스위트피,5444,49
2026-07-31,x2Rv27prn9c,누가 그랬나요,19597,350
2026-07-31,Ot4xAK2T-s0,미안할 건 없지,22500,195
2026-07-31,nlwQFSs9C1c,인공소녀,4333,57
2026-07-31,SctlVInapnA,눈부시게 행복하기를,7505,67
2026-07-31,J1tMAzBHUo8,이 밤이 다정하게 우릴 속여도,3458,22
2026-07-31,mf1SsEWha0U,핑크빛 립스틱,12484,71
2026-07-31,Xl9xoodpb30,첫 번째 비밀,3561,27
2026-07-31,xdRQQ-uV-ew,F&T,5251,20
2026-07-31,OyePmUzjlb4,0이 될 때까지 지워내,271754,1843
2026-07-31,2dNYo-2tlgU,도레미파솔라시도,9930,74
2026-07-31,Z7ITvksAdGM,아직 태어나지 않았나요,4464,48
2026-07-31,KSyWk3ISs4o,달빛도 잠든 거리,5976,40
2026-07-31,oiJmQr3BoDc,멈추지 않는 바람만,21267,195
2026-07-31,HB2VnB5uUz0,"Rewind, Forward",7355,81
2026-07-31,YOp8gxf8HTw,난 여기 있을게,13770,209
2026-07-31,GgntvWwYvu8,Red Juice,2838,19
2026-07-31,IxoVAgHM0Cs,안녕은 영원한 이별이 아니길,149547,1327
2026-07-31,rc8tF5uct_g,봄이 오고 있어,5576,70
2026-07-31,obDaGr188bQ,그대는 알고 있나요,104991,538
2026-07-31,C-2VvBYgi1Y,부르고 싶은 이름이 되어 버린 너,27292,350
2026-07-31,fp3_BRbeogw,CITY,36,0
2026-07-31,BttPkrdZUtk,고작 꺼낸 한마디가,248,0
2026-07-31,CD2iBBtHWJY,울까요,253,0
2026-07-31,FrsutI3FgsI,달려가고 있어,472,0
2026-07-31,NAEVxyBcox4,보랏빛 사이렌,23481,151
2026-07-31,WCSoJPk7ePQ,널 따라,188,0
2026-07-31,e0zNwl97eME,눈을 감아도,524,2
2026-07-31,fM_jW4SQ6dQ,CITY,5268,27
2026-07-31,pOgM2e9ltco,멍청아,325,0
2026-07-31,yes8AZebW0c,오늘밤엔 꼭,5686,38
2026-07-31,z_NlEEOggzE,부서지길 바래,286,1
2026-07-31,8wFDNGfSZvU,달려가고 있어,4917,25
2026-07-31,bi3lP1CcOTY,고작 꺼낸 한마디가,5245,44
2026-07-31,MqOAcmgJU0M,널 따라,3419,17
2026-07-31,FmwaEEomopk,눈을 감아도,51700,303
2026-07-31,6dtQjvc8n3c,울까요,7014,43
2026-07-31,eIXJnHWgtBk,부서지길 바래,3470,19
2026-07-31,p7KgqfEmyB8,멍청아,4004,19
2026-08-01,Ak8-z68fV-U,다 거짓말,1066,507
2026-08-01,-XI09WFrJrU,비겁한 사람아,442,77
2026-08-01,BQIVyt3Dn6U,만약에 사랑이 아니었다면,5614,1974
2026-08-01,7WyUqIqZvwA,피어나게 해,4494,178
2026-08-01,RMWR7fuyPY4,한 뼘,2750,54
2026-08-01,3kSM8nnaFyk,그대는 날,4099,105
2026-08-01,igPe3SalZaM,All Right,13333,159
2026-08-01,_3asYN_OV_U,추억은 계절처럼 찾아와,60311,418
2026-08-01,Nr0tzBlONjc,나를 사랑하지 않는 너에게,15263,165
2026-08-01,aWPNx-qvHkk,나를 사랑하지 않는 나에게,3139,27
2026-08-01,OX4W0K4ij1Q,넌 바다야,39913,258
2026-08-01,H-rBnGJ0xWM,작은 약속,54183,271
2026-08-01,b6afis3lmuA,Only for you,27551,104
2026-08-01,-2SkSDzl65Q,나는 너,27601,203
2026-08-01,eIGQOGNHn0Y,이제는 안녕 (영범이에게),28333,72
2026-08-01,upxyzZ9aaDg,투명한 콜라,38390,345
2026-08-01,YGOpr4EP2CE,잊어주세요,10906,76
2026-08-01,Snl3FIO9T80,남겨두고서,18166,80
2026-08-01,K_s-Nr9lp6k,영영,101893,1029
2026-08-01,hme8ULDjQpg,봄이어라,6382,72
2026-08-01,Sv2oTzU6JFs,마지막 1초,9083,54
2026-08-01,qJfGWQl0xjo,하얀 운동화 (feat. 김인디),9928,154
2026-08-01,rFsGrFl5QqU,종이비행기,7681,45
2026-08-01,w1HcX17JYPM,그 한마디,8495,38
2026-08-01,570BJzlYaqU,너의 노래가 될게,49269,505
2026-08-01,f2tVdl7BzIw,마주치지 말걸 그랬어,79500,664
2026-08-01,1HVuTOrf_Ns,사랑한다고 말해볼까요,15018,187
2026-08-01,1kOZilM88g0,여전히 널,63914,347
2026-08-01,VG-gznNRHIQ,스위트피,5492,48
2026-08-01,x2Rv27prn9c,누가 그랬나요,19889,292
2026-08-01,Ot4xAK2T-s0,미안할 건 없지,22754,254
2026-08-01,nlwQFSs9C1c,인공소녀,4382,49
2026-08-01,SctlVInapnA,눈부시게 행복하기를,7612,107
2026-08-01,J1tMAzBHUo8,이 밤이 다정하게 우릴 속여도,3480,22
2026-08-01,mf1SsEWha0U,핑크빛 립스틱,12551,67
2026-08-01,Xl9xoodpb30,첫 번째 비밀,3581,20
2026-08-01,xdRQQ-uV-ew,F&T,5281,30
2026-08-01,OyePmUzjlb4,0이 될 때까지 지워내,273645,1891
2026-08-01,2dNYo-2tlgU,도레미파솔라시도,9976,46
2026-08-01,Z7ITvksAdGM,아직 태어나지 않았나요,4516,52
2026-08-01,KSyWk3ISs4o,달빛도 잠든 거리,6014,38
2026-08-01,oiJmQr3BoDc,멈추지 않는 바람만,21471,204
2026-08-01,HB2VnB5uUz0,"Rewind, Forward",7457,102
2026-08-01,YOp8gxf8HTw,난 여기 있을게,14029,259
2026-08-01,GgntvWwYvu8,Red Juice,2858,20
2026-08-01,IxoVAgHM0Cs,안녕은 영원한 이별이 아니길,150892,1345
2026-08-01,rc8tF5uct_g,봄이 오고 있어,5631,55
2026-08-01,obDaGr188bQ,그대는 알고 있나요,105503,512
2026-08-01,C-2VvBYgi1Y,부르고 싶은 이름이 되어 버린 너,27537,245
2026-08-01,fp3_BRbeogw,CITY,36,0
2026-08-01,BttPkrdZUtk,고작 꺼낸 한마디가,249,1
2026-08-01,CD2iBBtHWJY,울까요,256,3
2026-08-01,FrsutI3FgsI,달려가고 있어,473,1
2026-08-01,NAEVxyBcox4,보랏빛 사이렌,23660,179
2026-08-01,WCSoJPk7ePQ,널 따라,189,1
2026-08-01,e0zNwl97eME,눈을 감아도,525,1
2026-08-01,fM_jW4SQ6dQ,CITY,5292,24
2026-08-01,pOgM2e9ltco,멍청아,327,2
2026-08-01,yes8AZebW0c,오늘밤엔 꼭,5725,39
2026-08-01,z_NlEEOggzE,부서지길 바래,286,0
2026-08-01,8wFDNGfSZvU,달려가고 있어,4950,33
2026-08-01,bi3lP1CcOTY,고작 꺼낸 한마디가,5274,29
2026-08-01,MqOAcmgJU0M,널 따라,3447,28
2026-08-01,FmwaEEomopk,눈을 감아도,52140,440
2026-08-01,6dtQjvc8n3c,울까요,7058,44
2026-08-01,eIXJnHWgtBk,부서지길 바래,3495,25
2026-08-01,p7KgqfEmyB8,멍청아,4034,30
2026-08-02,Ak8-z68fV-U,다 거짓말,1484,418
2026-08-02,-XI09WFrJrU,비겁한 사람아,490,48
2026-08-02,BQIVyt3Dn6U,만약에 사랑이 아니었다면,7717,2103
2026-08-02,7WyUqIqZvwA,피어나게 해,4614,120
2026-08-02,RMWR7fuyPY4,한 뼘,2781,31
2026-08-02,3kSM8nnaFyk,그대는 날,4171,72
2026-08-02,igPe3SalZaM,All Right,13461,128
2026-08-02,_3asYN_OV_U,추억은 계절처럼 찾아와,60682,371
2026-08-02,Nr0tzBlONjc,나를 사랑하지 않는 너에게,15363,100
2026-08-02,aWPNx-qvHkk,나를 사랑하지 않는 나에게,3161,22
2026-08-02,OX4W0K4ij1Q,넌 바다야,40069,156
2026-08-02,H-rBnGJ0xWM,작은 약속,54363,180
2026-08-02,b6afis3lmuA,Only for you,27609,58
2026-08-02,-2SkSDzl65Q,나는 너,27739,138
2026-08-02,eIGQOGNHn0Y,이제는 안녕 (영범이에게),28388,55
2026-08-02,upxyzZ9aaDg,투명한 콜라,38644,254
2026-08-02,YGOpr4EP2CE,잊어주세요,10992,86
2026-08-02,Snl3FIO9T80,남겨두고서,18309,143
2026-08-02,K_s-Nr9lp6k,영영,102801,908
2026-08-02,hme8ULDjQpg,봄이어라,6423,41
2026-08-02,Sv2oTzU6JFs,마지막 1초,9127,44
2026-08-02,qJfGWQl0xjo,하얀 운동화 (feat. 김인디),10032,104
2026-08-02,rFsGrFl5QqU,종이비행기,7729,48
2026-08-02,w1HcX17JYPM,그 한마디,8528,33
2026-08-02,570BJzlYaqU,너의 노래가 될게,49683,414
2026-08-02,f2tVdl7BzIw,마주치지 말걸 그랬어,80288,788
2026-08-02,1HVuTOrf_Ns,사랑한다고 말해볼까요,15199,181
2026-08-02,1kOZilM88g0,여전히 널,64261,347
2026-08-02,VG-gznNRHIQ,스위트피,5525,33
2026-08-02,x2Rv27prn9c,누가 그랬나요,20114,225
2026-08-02,Ot4xAK2T-s0,미안할 건 없지,22997,243
2026-08-02,nlwQFSs9C1c,인공소녀,4411,29
2026-08-02,SctlVInapnA,눈부시게 행복하기를,7688,76
2026-08-02,J1tMAzBHUo8,이 밤이 다정하게 우릴 속여도,3498,18
2026-08-02,mf1SsEWha0U,핑크빛 립스틱,12592,41
2026-08-02,Xl9xoodpb30,첫 번째 비밀,3602,21
2026-08-02,xdRQQ-uV-ew,F&T,5289,8
2026-08-02,OyePmUzjlb4,0이 될 때까지 지워내,275381,1736
2026-08-02,2dNYo-2tlgU,도레미파솔라시도,10021,45
2026-08-02,Z7ITvksAdGM,아직 태어나지 않았나요,4554,38
2026-08-02,KSyWk3ISs4o,달빛도 잠든 거리,6051,37
2026-08-02,oiJmQr3BoDc,멈추지 않는 바람만,21633,162
2026-08-02,HB2VnB5uUz0,"Rewind, Forward",7542,85
2026-08-02,YOp8gxf8HTw,난 여기 있을게,14373,344
2026-08-02,GgntvWwYvu8,Red Juice,2870,12
2026-08-02,IxoVAgHM0Cs,안녕은 영원한 이별이 아니길,151800,908
2026-08-02,rc8tF5uct_g,봄이 오고 있어,5685,54
2026-08-02,obDaGr188bQ,그대는 알고 있나요,105928,425
2026-08-02,C-2VvBYgi1Y,부르고 싶은 이름이 되어 버린 너,27718,181
2026-08-02,fp3_BRbeogw,CITY,36,0
2026-08-02,BttPkrdZUtk,고작 꺼낸 한마디가,251,2
2026-08-02,CD2iBBtHWJY,울까요,258,2
2026-08-02,FrsutI3FgsI,달려가고 있어,477,4
2026-08-02,NAEVxyBcox4,보랏빛 사이렌,23786,126
2026-08-02,WCSoJPk7ePQ,널 따라,191,2
2026-08-02,e0zNwl97eME,눈을 감아도,528,3
2026-08-02,fM_jW4SQ6dQ,CITY,5311,19
2026-08-02,pOgM2e9ltco,멍청아,332,5
2026-08-02,yes8AZebW0c,오늘밤엔 꼭,5752,27
2026-08-02,z_NlEEOggzE,부서지길 바래,287,1
2026-08-02,8wFDNGfSZvU,달려가고 있어,4963,13
2026-08-02,bi3lP1CcOTY,고작 꺼낸 한마디가,5309,35
2026-08-02,MqOAcmgJU0M,널 따라,3455,8
2026-08-02,FmwaEEomopk,눈을 감아도,52506,366
2026-08-02,6dtQjvc8n3c,울까요,7099,41
2026-08-02,eIXJnHWgtBk,부서지길 바래,3513,18
2026-08-02,p7KgqfEmyB8,멍청아,4059,25
2026-08-03,Ak8-z68fV-U,다 거짓말,2133,649
2026-08-03,-XI09WFrJrU,비겁한 사람아,538,48
2026-08-03,BQIVyt3Dn6U,만약에 사랑이 아니었다면,10389,2672
2026-08-03,7WyUqIqZvwA,피어나게 해,4726,112
2026-08-03,RMWR7fuyPY4,한 뼘,2827,46
2026-08-03,3kSM8nnaFyk,그대는 날,4260,89
2026-08-03,igPe3SalZaM,All Right,13626,165
2026-08-03,_3asYN_OV_U,추억은 계절처럼 찾아와,61055,373
2026-08-03,Nr0tzBlONjc,나를 사랑하지 않는 너에게,15489,126
2026-08-03,aWPNx-qvHkk,나를 사랑하지 않는 나에게,3179,18
2026-08-03,OX4W0K4ij1Q,넌 바다야,40344,275
2026-08-03,H-rBnGJ0xWM,작은 약속,54549,186
2026-08-03,b6afis3lmuA,Only for you,27717,108
2026-08-03,-2SkSDzl65Q,나는 너,27897,158
2026-08-03,eIGQOGNHn0Y,이제는 안녕 (영범이에게),28458,70
2026-08-03,upxyzZ9aaDg,투명한 콜라,39026,382
2026-08-03,YGOpr4EP2CE,잊어주세요,11081,89
2026-08-03,Snl3FIO9T80,남겨두고서,18422,113
2026-08-03,K_s-Nr9lp6k,영영,104156,1355
2026-08-03,hme8ULDjQpg,봄이어라,6467,44
2026-08-03,Sv2oTzU6JFs,마지막 1초,9197,70
2026-08-03,qJfGWQl0xjo,하얀 운동화 (feat. 김인디),10186,154
2026-08-03,rFsGrFl5QqU,종이비행기,7797,68
2026-08-03,w1HcX17JYPM,그 한마디,8565,37
2026-08-03,570BJzlYaqU,너의 노래가 될게,50335,652
2026-08-03,f2tVdl7BzIw,마주치지 말걸 그랬어,81087,799
2026-08-03,1HVuTOrf_Ns,사랑한다고 말해볼까요,15389,190
2026-08-03,1kOZilM88g0,여전히 널,64656,395
2026-08-03,VG-gznNRHIQ,스위트피,5569,44
2026-08-03,x2Rv27prn9c,누가 그랬나요,20409,295
2026-08-03,Ot4xAK2T-s0,미안할 건 없지,23255,258
2026-08-03,nlwQFSs9C1c,인공소녀,4452,41
2026-08-03,SctlVInapnA,눈부시게 행복하기를,7766,78
2026-08-03,J1tMAzBHUo8,이 밤이 다정하게 우릴 속여도,3544,46
2026-08-03,mf1SsEWha0U,핑크빛 립스틱,12648,56
2026-08-03,Xl9xoodpb30,첫 번째 비밀,3620,18
2026-08-03,xdRQQ-uV-ew,F&T,5307,18
2026-08-03,OyePmUzjlb4,0이 될 때까지 지워내,277198,1817
2026-08-03,2dNYo-2tlgU,도레미파솔라시도,10077,56
2026-08-03,Z7ITvksAdGM,아직 태어나지 않았나요,4589,35
2026-08-03,KSyWk3ISs4o,달빛도 잠든 거리,6083,32
2026-08-03,oiJmQr3BoDc,멈추지 않는 바람만,21903,270
2026-08-03,HB2VnB5uUz0,"Rewind, Forward",7626,84
2026-08-03,YOp8gxf8HTw,난 여기 있을게,14643,270
2026-08-03,GgntvWwYvu8,Red Juice,2888,18
2026-08-03,IxoVAgHM0Cs,안녕은 영원한 이별이 아니길,152942,1142
2026-08-03,rc8tF5uct_g,봄이 오고 있어,5734,49
2026-08-03,obDaGr188bQ,그대는 알고 있나요,106499,571
2026-08-03,C-2VvBYgi1Y,부르고 싶은 이름이 되어 버린 너,27981,263
2026-08-03,fp3_BRbeogw,CITY,36,0
2026-08-03,BttPkrdZUtk,고작 꺼낸 한마디가,252,1
2026-08-03,CD2iBBtHWJY,울까요,259,1
2026-08-03,FrsutI3FgsI,달려가고 있어,478,1
2026-08-03,NAEVxyBcox4,보랏빛 사이렌,23987,201
2026-08-03,WCSoJPk7ePQ,널 따라,192,1
2026-08-03,e0zNwl97eME,눈을 감아도,531,3
2026-08-03,fM_jW4SQ6dQ,CITY,5335,24
2026-08-03,pOgM2e9ltco,멍청아,333,1
2026-08-03,yes8AZebW0c,오늘밤엔 꼭,5793,41
2026-08-03,z_NlEEOggzE,부서지길 바래,289,2
2026-08-03,8wFDNGfSZvU,달려가고 있어,4988,25
2026-08-03,bi3lP1CcOTY,고작 꺼낸 한마디가,5338,29
2026-08-03,MqOAcmgJU0M,널 따라,3477,22
2026-08-03,FmwaEEomopk,눈을 감아도,52950,444
2026-08-03,6dtQjvc8n3c,울까요,7148,49
2026-08-03,eIXJnHWgtBk,부서지길 바래,3528,15
2026-08-03,p7KgqfEmyB8,멍청아,4088,29
2026-08-04,Ak8-z68fV-U,다 거짓말,2777,644
2026-08-04,-XI09WFrJrU,비겁한 사람아,577,39
2026-08-04,BQIVyt3Dn6U,만약에 사랑이 아니었다면,12755,2366
2026-08-04,7WyUqIqZvwA,피어나게 해,4882,156
2026-08-04,RMWR7fuyPY4,한 뼘,2871,44
2026-08-04,3kSM8nnaFyk,그대는 날,4312,52
2026-08-04,igPe3SalZaM,All Right,13774,148
2026-08-04,_3asYN_OV_U,추억은 계절처럼 찾아와,61478,423
2026-08-04,Nr0tzBlONjc,나를 사랑하지 않는 너에게,15679,190
2026-08-04,aWPNx-qvHkk,나를 사랑하지 않는 나에게,3197,18
2026-08-04,OX4W0K4ij1Q,넌 바다야,40565,221
2026-08-04,H-rBnGJ0xWM,작은 약속,54735,186
2026-08-04,b6afis3lmuA,Only for you,27780,63
2026-08-04,-2SkSDzl65Q,나는 너,28115,218
2026-08-04,eIGQOGNHn0Y,이제는 안녕 (영범이에게),28512,54
2026-08-04,upxyzZ9aaDg,투명한 콜라,39311,285
2026-08-04,YGOpr4EP2CE,잊어주세요,11157,76
2026-08-04,Snl3FIO9T80,남겨두고서,18534,112
2026-08-04,K_s-Nr9lp6k,영영,105381,1225
2026-08-04,hme8ULDjQpg,봄이어라,6509,42
2026-08-04,Sv2oTzU6JFs,마지막 1초,9249,52
2026-08-04,qJfGWQl0xjo,하얀 운동화 (feat. 김인디),10335,149
2026-08-04,rFsGrFl5QqU,종이비행기,7845,48
2026-08-04,w1HcX17JYPM,그 한마디,8618,53
2026-08-04,570BJzlYaqU,너의 노래가 될게,50811,476
2026-08-04,f2tVdl7BzIw,마주치지 말걸 그랬어,81802,715
2026-08-04,1HVuTOrf_Ns,사랑한다고 말해볼까요,15537,148
2026-08-04,1kOZilM88g0,여전히 널,65016,360
2026-08-04,VG-gznNRHIQ,스위트피,5599,30
2026-08-04,x2Rv27prn9c,누가 그랬나요,20594,185
2026-08-04,Ot4xAK2T-s0,미안할 건 없지,23561,306
2026-08-04,nlwQFSs9C1c,인공소녀,4491,39
2026-08-04,SctlVInapnA,눈부시게 행복하기를,7820,54
2026-08-04,J1tMAzBHUo8,이 밤이 다정하게 우릴 속여도,3553,9
2026-08-04,mf1SsEWha0U,핑크빛 립스틱,12696,48
2026-08-04,Xl9xoodpb30,첫 번째 비밀,3634,14
2026-08-04,xdRQQ-uV-ew,F&T,5333,26
2026-08-04,OyePmUzjlb4,0이 될 때까지 지워내,278640,1442
2026-08-04,2dNYo-2tlgU,도레미파솔라시도,10112,35
2026-08-04,Z7ITvksAdGM,아직 태어나지 않았나요,4638,49
2026-08-04,KSyWk3ISs4o,달빛도 잠든 거리,6120,37
2026-08-04,oiJmQr3BoDc,멈추지 않는 바람만,22087,184
2026-08-04,HB2VnB5uUz0,"Rewind, Forward",7699,73
2026-08-04,YOp8gxf8HTw,난 여기 있을게,14899,256
2026-08-04,GgntvWwYvu8,Red Juice,2902,14
2026-08-04,IxoVAgHM0Cs,안녕은 영원한 이별이 아니길,153968,1026
2026-08-04,rc8tF5uct_g,봄이 오고 있어,5798,64
2026-08-04,obDaGr188bQ,그대는 알고 있나요,107055,556
2026-08-04,C-2VvBYgi1Y,부르고 싶은 이름이 되어 버린 너,28268,287
2026-08-04,fp3_BRbeogw,CITY,36,0
2026-08-04,BttPkrdZUtk,고작 꺼낸 한마디가,253,1
2026-08-04,CD2iBBtHWJY,울까요,260,1
2026-08-04,FrsutI3FgsI,달려가고 있어,479,1
2026-08-04,NAEVxyBcox4,보랏빛 사이렌,24147,160
2026-08-04,WCSoJPk7ePQ,널 따라,193,1
2026-08-04,e0zNwl97eME,눈을 감아도,535,4
2026-08-04,fM_jW4SQ6dQ,CITY,5360,25
2026-08-04,pOgM2e9ltco,멍청아,334,1
2026-08-04,yes8AZebW0c,오늘밤엔 꼭,5833,40
2026-08-04,z_NlEEOggzE,부서지길 바래,291,2
2026-08-04,8wFDNGfSZvU,달려가고 있어,5015,27
2026-08-04,bi3lP1CcOTY,고작 꺼낸 한마디가,5382,44
2026-08-04,MqOAcmgJU0M,널 따라,3493,16
2026-08-04,FmwaEEomopk,눈을 감아도,53493,543
2026-08-04,6dtQjvc8n3c,울까요,7174,26
2026-08-04,eIXJnHWgtBk,부서지길 바래,3543,15
2026-08-04,p7KgqfEmyB8,멍청아,4121,33
2026-08-05,Ak8-z68fV-U,다 거짓말,3510,733
2026-08-05,-XI09WFrJrU,비겁한 사람아,633,56
2026-08-05,BQIVyt3Dn6U,만약에 사랑이 아니었다면,14479,1724
2026-08-05,7WyUqIqZvwA,피어나게 해,5099,217
2026-08-05,RMWR7fuyPY4,한 뼘,2914,43
2026-08-05,3kSM8nnaFyk,그대는 날,4391,79
2026-08-05,igPe3SalZaM,All Right,13927,153
2026-08-05,_3asYN_OV_U,추억은 계절처럼 찾아와,61914,436
2026-08-05,Nr0tzBlONjc,나를 사랑하지 않는 너에게,15798,119
2026-08-05,aWPNx-qvHkk,나를 사랑하지 않는 나에게,3226,29
2026-08-05,OX4W0K4ij1Q,넌 바다야,40775,210
2026-08-05,H-rBnGJ0xWM,작은 약속,54897,162
2026-08-05,b6afis3lmuA,Only for you,27849,69
2026-08-05,-2SkSDzl65Q,나는 너,28264,149
2026-08-05,eIGQOGNHn0Y,이제는 안녕 (영범이에게),28565,53
2026-08-05,upxyzZ9aaDg,투명한 콜라,39674,363
2026-08-05,YGOpr4EP2CE,잊어주세요,11251,94
2026-08-05,Snl3FIO9T80,남겨두고서,18644,110
2026-08-05,K_s-Nr9lp6k,영영,106525,1144
2026-08-05,hme8ULDjQpg,봄이어라,6571,62
2026-08-05,Sv2oTzU6JFs,마지막 1초,9317,68
2026-08-05,qJfGWQl0xjo,하얀 운동화 (feat. 김인디),10478,143
2026-08-05,rFsGrFl5QqU,종이비행기,7914,69
2026-08-05,w1HcX17JYPM,그 한마디,8661,43
2026-08-05,570BJzlYaqU,너의 노래가 될게,51292,481
2026-08-05,f2tVdl7BzIw,마주치지 말걸 그랬어,82740,938
2026-08-05,1HVuTOrf_Ns,사랑한다고 말해볼까요,15793,256
2026-08-05,1kOZilM88g0,여전히 널,65415,399
2026-08-05,VG-gznNRHIQ,스위트피,5649,50
2026-08-05,x2Rv27prn9c,누가 그랬나요,20787,193
2026-08-05,Ot4xAK2T-s0,미안할 건 없지,23849,288
2026-08-05,nlwQFSs9C1c,인공소녀,4539,48
2026-08-05,SctlVInapnA,눈부시게 행복하기를,7910,90
2026-08-05,J1tMAzBHUo8,이 밤이 다정하게 우릴 속여도,3580,27
2026-08-05,mf1SsEWha0U,핑크빛 립스틱,12750,54
2026-08-05,Xl9xoodpb30,첫 번째 비밀,3664,30
2026-08-05,xdRQQ-uV-ew,F&T,5356,23
2026-08-05,OyePmUzjlb4,0이 될 때까지 지워내,280266,1626
2026-08-05,2dNYo-2tlgU,도레미파솔라시도,10174,62
2026-08-05,Z7ITvksAdGM,아직 태어나지 않았나요,4692,54
2026-08-05,KSyWk3ISs4o,달빛도 잠든 거리,6166,46
2026-08-05,oiJmQr3BoDc,멈추지 않는 바람만,22325,238
2026-08-05,HB2VnB5uUz0,"Rewind, Forward",7807,108
2026-08-05,YOp8gxf8HTw,난 여기 있을게,15071,172
2026-08-05,GgntvWwYvu8,Red Juice,2926,24
2026-08-05,IxoVAgHM0Cs,안녕은 영원한 이별이 아니길,155114,1146
2026-08-05,rc8tF5uct_g,봄이 오고 있어,5878,80
2026-08-05,obDaGr188bQ,그대는 알고 있나요,107617,562
2026-08-05,C-2VvBYgi1Y,부르고 싶은 이름이 되어 버린 너,28509,241
2026-08-05,fp3_BRbeogw,CITY,36,0
2026-08-05,BttPkrdZUtk,고작 꺼낸 한마디가,255,2
2026-08-05,CD2iBBtHWJY,울까요,261,1
2026-08-05,FrsutI3FgsI,달려가고 있어,485,6
2026-08-05,NAEVxyBcox4,보랏빛 사이렌,24314,167
2026-08-05,WCSoJPk7ePQ,널 따라,194,1
2026-08-05,e0zNwl97eME,눈을 감아도,539,4
2026-08-05,fM_jW4SQ6dQ,CITY,5396,36
2026-08-05,pOgM2e9ltco,멍청아,336,2
2026-08-05,yes8AZebW0c,오늘밤엔 꼭,5896,63
2026-08-05,z_NlEEOggzE,부서지길 바래,293,2
2026-08-05,8wFDNGfSZvU,달려가고 있어,5041,26
2026-08-05,bi3lP1CcOTY,고작 꺼낸 한마디가,5428,46
2026-08-05,MqOAcmgJU0M,널 따라,3509,16
2026-08-05,FmwaEEomopk,눈을 감아도,53925,432
2026-08-05,6dtQjvc8n3c,울까요,7266,92
2026-08-05,eIXJnHWgtBk,부서지길 바래,3557,14
2026-08-05,p7KgqfEmyB8,멍청아,4145,24
2026-08-06,1-LBGgnJQcY,So Long,0,0
2026-08-06,Ak8-z68fV-U,다 거짓말,4804,1294
2026-08-06,-XI09WFrJrU,비겁한 사람아,686,53
2026-08-06,BQIVyt3Dn6U,만약에 사랑이 아니었다면,14967,488
2026-08-06,7WyUqIqZvwA,피어나게 해,5277,178
2026-08-06,RMWR7fuyPY4,한 뼘,2960,46
2026-08-06,3kSM8nnaFyk,그대는 날,4500,109
2026-08-06,igPe3SalZaM,All Right,14057,130
2026-08-06,_3asYN_OV_U,추억은 계절처럼 찾아와,62353,439
2026-08-06,Nr0tzBlONjc,나를 사랑하지 않는 너에게,15967,169
2026-08-06,aWPNx-qvHkk,나를 사랑하지 않는 나에게,3248,22
2026-08-06,OX4W0K4ij1Q,넌 바다야,40932,157
2026-08-06,H-rBnGJ0xWM,작은 약속,55189,292
2026-08-06,b6afis3lmuA,Only for you,27945,96
2026-08-06,-2SkSDzl65Q,나는 너,28484,220
2026-08-06,eIGQOGNHn0Y,이제는 안녕 (영범이에게),28642,77
2026-08-06,upxyzZ9aaDg,투명한 콜라,40069,395
2026-08-06,YGOpr4EP2CE,잊어주세요,11341,90
2026-08-06,Snl3FIO9T80,남겨두고서,18763,119
2026-08-06,K_s-Nr9lp6k,영영,107479,954
2026-08-06,hme8ULDjQpg,봄이어라,6625,54
2026-08-06,Sv2oTzU6JFs,마지막 1초,9399,82
2026-08-06,qJfGWQl0xjo,하얀 운동화 (feat. 김인디),10678,200
2026-08-06,rFsGrFl5QqU,종이비행기,7979,65
2026-08-06,w1HcX17JYPM,그 한마디,8737,76
2026-08-06,570BJzlYaqU,너의 노래가 될게,51741,449
2026-08-06,f2tVdl7BzIw,마주치지 말걸 그랬어,83689,949
2026-08-06,1HVuTOrf_Ns,사랑한다고 말해볼까요,15964,171
2026-08-06,1kOZilM88g0,여전히 널,65850,435
2026-08-06,VG-gznNRHIQ,스위트피,5683,34
2026-08-06,x2Rv27prn9c,누가 그랬나요,20997,210
2026-08-06,Ot4xAK2T-s0,미안할 건 없지,24104,255
2026-08-06,nlwQFSs9C1c,인공소녀,4589,50
2026-08-06,SctlVInapnA,눈부시게 행복하기를,8004,94
2026-08-06,J1tMAzBHUo8,이 밤이 다정하게 우릴 속여도,3605,25
2026-08-06,mf1SsEWha0U,핑크빛 립스틱,12813,63
2026-08-06,Xl9xoodpb30,첫 번째 비밀,3689,25
2026-08-06,xdRQQ-uV-ew,F&T,5380,24
2026-08-06,OyePmUzjlb4,0이 될 때까지 지워내,281891,1625
2026-08-06,2dNYo-2tlgU,도레미파솔라시도,10230,56
2026-08-06,Z7ITvksAdGM,아직 태어나지 않았나요,4734,42
2026-08-06,KSyWk3ISs4o,달빛도 잠든 거리,6222,56
2026-08-06,oiJmQr3BoDc,멈추지 않는 바람만,22516,191
2026-08-06,HB2VnB5uUz0,"Rewind, Forward",7901,94
2026-08-06,YOp8gxf8HTw,난 여기 있을게,15301,230
2026-08-06,GgntvWwYvu8,Red Juice,2951,25
2026-08-06,IxoVAgHM0Cs,안녕은 영원한 이별이 아니길,156377,1263
2026-08-06,rc8tF5uct_g,봄이 오고 있어,5972,94
2026-08-06,obDaGr188bQ,그대는 알고 있나요,108080,463
2026-08-06,C-2VvBYgi1Y,부르고 싶은 이름이 되어 버린 너,28890,381
2026-08-06,fp3_BRbeogw,CITY,36,0
2026-08-06,BttPkrdZUtk,고작 꺼낸 한마디가,255,0
2026-08-06,CD2iBBtHWJY,울까요,261,0
2026-08-06,FrsutI3FgsI,달려가고 있어,485,0
2026-08-06,NAEVxyBcox4,보랏빛 사이렌,24497,183
2026-08-06,WCSoJPk7ePQ,널 따라,194,0
2026-08-06,e0zNwl97eME,눈을 감아도,540,1
2026-08-06,fM_jW4SQ6dQ,CITY,5425,29
2026-08-06,pOgM2e9ltco,멍청아,337,1
2026-08-06,yes8AZebW0c,오늘밤엔 꼭,5947,51
2026-08-06,z_NlEEOggzE,부서지길 바래,293,0
2026-08-06,8wFDNGfSZvU,달려가고 있어,5071,30
2026-08-06,bi3lP1CcOTY,고작 꺼낸 한마디가,5467,39
2026-08-06,MqOAcmgJU0M,널 따라,3528,19
2026-08-06,FmwaEEomopk,눈을 감아도,54398,473
2026-08-06,6dtQjvc8n3c,울까요,7329,63
2026-08-06,eIXJnHWgtBk,부서지길 바래,3578,21
2026-08-06,p7KgqfEmyB8,멍청아,4176,31
2026-08-07,1-LBGgnJQcY,So Long,381,381
2026-08-07,Ak8-z68fV-U,다 거짓말,5544,740
2026-08-07,-XI09WFrJrU,비겁한 사람아,708,22
2026-08-07,BQIVyt3Dn6U,만약에 사랑이 아니었다면,15316,349
2026-08-07,7WyUqIqZvwA,피어나게 해,5391,114
2026-08-07,RMWR7fuyPY4,한 뼘,3002,42
2026-08-07,3kSM8nnaFyk,그대는 날,4578,78
2026-08-07,igPe3SalZaM,All Right,14161,104
2026-08-07,_3asYN_OV_U,추억은 계절처럼 찾아와,62666,313
2026-08-07,Nr0tzBlONjc,나를 사랑하지 않는 너에게,16137,170
2026-08-07,aWPNx-qvHkk,나를 사랑하지 않는 나에게,3277,29
2026-08-07,OX4W0K4ij1Q,넌 바다야,41134,202
2026-08-07,H-rBnGJ0xWM,작은 약속,55381,192
2026-08-07,b6afis3lmuA,Only for you,28021,76
2026-08-07,-2SkSDzl65Q,나는 너,28711,227
2026-08-07,eIGQOGNHn0Y,이제는 안녕 (영범이에게),28713,71
2026-08-07,upxyzZ9aaDg,투명한 콜라,40371,302
2026-08-07,YGOpr4EP2CE,잊어주세요,11396,55
2026-08-07,Snl3FIO9T80,남겨두고서,18866,103
2026-08-07,K_s-Nr9lp6k,영영,108393,914
2026-08-07,hme8ULDjQpg,봄이어라,6675,50
2026-08-07,Sv2oTzU6JFs,마지막 1초,9499,100
2026-08-07,qJfGWQl0xjo,하얀 운동화 (feat. 김인디),10860,182
2026-08-07,rFsGrFl5QqU,종이비행기,8036,57
2026-08-07,w1HcX17JYPM,그 한마디,8775,38
2026-08-07,570BJzlYaqU,너의 노래가 될게,52245,504
2026-08-07,f2tVdl7BzIw,마주치지 말걸 그랬어,84281,592
2026-08-07,1HVuTOrf_Ns,사랑한다고 말해볼까요,16163,199
2026-08-07,1kOZilM88g0,여전히 널,66229,379
2026-08-07,VG-gznNRHIQ,스위트피,5710,27
2026-08-07,x2Rv27prn9c,누가 그랬나요,21155,158
2026-08-07,Ot4xAK2T-s0,미안할 건 없지,24383,279
2026-08-07,nlwQFSs9C1c,인공소녀,4644,55
2026-08-07,SctlVInapnA,눈부시게 행복하기를,8079,75
2026-08-07,J1tMAzBHUo8,이 밤이 다정하게 우릴 속여도,3633,28
2026-08-07,mf1SsEWha0U,핑크빛 립스틱,12865,52
2026-08-07,Xl9xoodpb30,첫 번째 비밀,3709,20
2026-08-07,xdRQQ-uV-ew,F&T,5404,24
2026-08-07,OyePmUzjlb4,0이 될 때까지 지워내,283442,1551
2026-08-07,2dNYo-2tlgU,도레미파솔라시도,10276,46
2026-08-07,Z7ITvksAdGM,아직 태어나지 않았나요,4795,61
2026-08-07,KSyWk3ISs4o,달빛도 잠든 거리,6254,32
2026-08-07,oiJmQr3BoDc,멈추지 않는 바람만,22703,187
2026-08-07,HB2VnB5uUz0,"Rewind, Forward",7991,90
2026-08-07,YOp8gxf8HTw,난 여기 있을게,15575,274
2026-08-07,GgntvWwYvu8,Red Juice,2971,20
2026-08-07,IxoVAgHM0Cs,안녕은 영원한 이별이 아니길,157571,1194
2026-08-07,rc8tF5uct_g,봄이 오고 있어,6067,95
2026-08-07,obDaGr188bQ,그대는 알고 있나요,108514,434
2026-08-07,C-2VvBYgi1Y,부르고 싶은 이름이 되어 버린 너,29265,375
2026-08-07,fp3_BRbeogw,CITY,36,0
2026-08-07,BttPkrdZUtk,고작 꺼낸 한마디가,255,0
2026-08-07,CD2iBBtHWJY,울까요,261,0
2026-08-07,FrsutI3FgsI,달려가고 있어,485,0
2026-08-07,NAEVxyBcox4,보랏빛 사이렌,24670,173
2026-08-07,WCSoJPk7ePQ,널 따라,194,0
2026-08-07,e0zNwl97eME,눈을 감아도,543,3
2026-08-07,fM_jW4SQ6dQ,CITY,5449,24
2026-08-07,pOgM2e9ltco,멍청아,337,0
2026-08-07,yes8AZebW0c,오늘밤엔 꼭,5982,35
2026-08-07,z_NlEEOggzE,부서지길 바래,293,0
2026-08-07,8wFDNGfSZvU,달려가고 있어,5096,25
2026-08-07,bi3lP1CcOTY,고작 꺼낸 한마디가,5498,31
2026-08-07,MqOAcmgJU0M,널 따라,3557,29
2026-08-07,FmwaEEomopk,눈을 감아도,54755,357
2026-08-07,6dtQjvc8n3c,울까요,7380,51
2026-08-07,eIXJnHWgtBk,부서지길 바래,3596,18
2026-08-07,p7KgqfEmyB8,멍청아,4200,24
2026-08-08,1-LBGgnJQcY,So Long,801,420
2026-08-08,Ak8-z68fV-U,다 거짓말,6069,525
2026-08-08,-XI09WFrJrU,비겁한 사람아,740,32
2026-08-08,BQIVyt3Dn6U,만약에 사랑이 아니었다면,15534,218
2026-08-08,7WyUqIqZvwA,피어나게 해,5502,111
2026-08-08,RMWR7fuyPY4,한 뼘,3053,51
2026-08-08,3kSM8nnaFyk,그대는 날,4648,70
2026-08-08,igPe3SalZaM,All Right,14278,117
2026-08-08,_3asYN_OV_U,추억은 계절처럼 찾아와,63097,431
2026-08-08,Nr0tzBlONjc,나를 사랑하지 않는 너에게,16263,126
2026-08-08,aWPNx-qvHkk,나를 사랑하지 않는 나에게,3303,26
2026-08-08,OX4W0K4ij1Q,넌 바다야,41360,226
2026-08-08,H-rBnGJ0xWM,작은 약속,55571,190
2026-08-08,b6afis3lmuA,Only for you,28099,78
2026-08-08,-2SkSDzl65Q,나는 너,28869,158
2026-08-08,eIGQOGNHn0Y,이제는 안녕 (영범이에게),28786,73
2026-08-08,upxyzZ9aaDg,투명한 콜라,40668,297
2026-08-08,YGOpr4EP2CE,잊어주세요,11498,102
2026-08-08,Snl3FIO9T80,남겨두고서,18970,104
2026-08-08,K_s-Nr9lp6k,영영,109491,1098
2026-08-08,hme8ULDjQpg,봄이어라,6728,53
2026-08-08,Sv2oTzU6JFs,마지막 1초,9570,71
2026-08-08,qJfGWQl0xjo,하얀 운동화 (feat. 김인디),11016,156
2026-08-08,rFsGrFl5QqU,종이비행기,8100,64
2026-08-08,w1HcX17JYPM,그 한마디,8815,40
2026-08-08,570BJzlYaqU,너의 노래가 될게,52623,378
2026-08-08,f2tVdl7BzIw,마주치지 말걸 그랬어,85018,737
2026-08-08,1HVuTOrf_Ns,사랑한다고 말해볼까요,16324,161
2026-08-08,1kOZilM88g0,여전히 널,66605,376
2026-08-08,VG-gznNRHIQ,스위트피,5746,36
2026-08-08,x2Rv27prn9c,누가 그랬나요,21344,189
2026-08-08,Ot4xAK2T-s0,미안할 건 없지,24595,212
2026-08-08,nlwQFSs9C1c,인공소녀,4698,54
2026-08-08,SctlVInapnA,눈부시게 행복하기를,8181,102
2026-08-08,J1tMAzBHUo8,이 밤이 다정하게 우릴 속여도,3653,20
2026-08-08,mf1SsEWha0U,핑크빛 립스틱,12925,60
2026-08-08,Xl9xoodpb30,첫 번째 비밀,3752,43
2026-08-08,xdRQQ-uV-ew,F&T,5443,39
2026-08-08,OyePmUzjlb4,0이 될 때까지 지워내,284839,1397
2026-08-08,2dNYo-2tlgU,도레미파솔라시도,10337,61
2026-08-08,Z7ITvksAdGM,아직 태어나지 않았나요,4847,52
2026-08-08,KSyWk3ISs4o,달빛도 잠든 거리,6313,59
2026-08-08,oiJmQr3BoDc,멈추지 않는 바람만,22901,198
2026-08-08,HB2VnB5uUz0,"Rewind, Forward",8069,78
2026-08-08,YOp8gxf8HTw,난 여기 있을게,15790,215
2026-08-08,GgntvWwYvu8,Red Juice,2997,26
2026-08-08,IxoVAgHM0Cs,안녕은 영원한 이별이 아니길,159046,1475
2026-08-08,rc8tF5uct_g,봄이 오고 있어,6155,88
2026-08-08,obDaGr188bQ,그대는 알고 있나요,109123,609
2026-08-08,C-2VvBYgi1Y,부르고 싶은 이름이 되어 버린 너,29522,257
2026-08-08,fp3_BRbeogw,CITY,36,0
2026-08-08,BttPkrdZUtk,고작 꺼낸 한마디가,256,1
2026-08-08,CD2iBBtHWJY,울까요,262,1
2026-08-08,FrsutI3FgsI,달려가고 있어,486,1
2026-08-08,NAEVxyBcox4,보랏빛 사이렌,24824,154
2026-08-08,WCSoJPk7ePQ,널 따라,195,1
2026-08-08,e0zNwl97eME,눈을 감아도,546,3
2026-08-08,fM_jW4SQ6dQ,CITY,5492,43
2026-08-08,pOgM2e9ltco,멍청아,338,1
2026-08-08,yes8AZebW0c,오늘밤엔 꼭,6023,41
2026-08-08,z_NlEEOggzE,부서지길 바래,295,2
2026-08-08,8wFDNGfSZvU,달려가고 있어,5129,33
2026-08-08,bi3lP1CcOTY,고작 꺼낸 한마디가,5545,47
2026-08-08,MqOAcmgJU0M,널 따라,3578,21
2026-08-08,FmwaEEomopk,눈을 감아도,55181,426
2026-08-08,6dtQjvc8n3c,울까요,7442,62
2026-08-08,eIXJnHWgtBk,부서지길 바래,3625,29
2026-08-08,p7KgqfEmyB8,멍청아,4241,41
2026-08-09,1-LBGgnJQcY,So Long,1282,481
2026-08-09,Ak8-z68fV-U,다 거짓말,6522,453
2026-08-09,-XI09WFrJrU,비겁한 사람아,759,19
2026-08-09,BQIVyt3Dn6U,만약에 사랑이 아니었다면,15941,407
2026-08-09,7WyUqIqZvwA,피어나게 해,5597,95
2026-08-09,RMWR7fuyPY4,한 뼘,3068,15
2026-08-09,3kSM8nnaFyk,그대는 날,4690,42
2026-08-09,igPe3SalZaM,All Right,14384,106
2026-08-09,_3asYN_OV_U,추억은 계절처럼 찾아와,63386,289
2026-08-09,Nr0tzBlONjc,나를 사랑하지 않는 너에게,16411,148
2026-08-09,aWPNx-qvHkk,나를 사랑하지 않는 나에게,3329,26
2026-08-09,OX4W0K4ij1Q,넌 바다야,41582,222
2026-08-09,H-rBnGJ0xWM,작은 약속,55677,106
2026-08-09,b6afis3lmuA,Only for you,28182,83
2026-08-09,-2SkSDzl65Q,나는 너,29014,145
2026-08-09,eIGQOGNHn0Y,이제는 안녕 (영범이에게),28849,63
2026-08-09,upxyzZ9aaDg,투명한 콜라,40969,301
2026-08-09,YGOpr4EP2CE,잊어주세요,11580,82
2026-08-09,Snl3FIO9T80,남겨두고서,19042,72
2026-08-09,K_s-Nr9lp6k,영영,110105,614
2026-08-09,hme8ULDjQpg,봄이어라,6773,45
2026-08-09,Sv2oTzU6JFs,마지막 1초,9599,29
2026-08-09,qJfGWQl0xjo,하얀 운동화 (feat. 김인디),11117,101
2026-08-09,rFsGrFl5QqU,종이비행기,8142,42
2026-08-09,w1HcX17JYPM,그 한마디,8855,40
2026-08-09,570BJzlYaqU,너의 노래가 될게,52968,345
2026-08-09,f2tVdl7BzIw,마주치지 말걸 그랬어,85548,530
2026-08-09,1HVuTOrf_Ns,사랑한다고 말해볼까요,16428,104
2026-08-09,1kOZilM88g0,여전히 널,66852,247
2026-08-09,VG-gznNRHIQ,스위트피,5774,28
2026-08-09,x2Rv27prn9c,누가 그랬나요,21491,147
2026-08-09,Ot4xAK2T-s0,미안할 건 없지,24799,204
2026-08-09,nlwQFSs9C1c,인공소녀,4733,35
2026-08-09,SctlVInapnA,눈부시게 행복하기를,8239,58
2026-08-09,J1tMAzBHUo8,이 밤이 다정하게 우릴 속여도,3667,14
2026-08-09,mf1SsEWha0U,핑크빛 립스틱,12974,49
2026-08-09,Xl9xoodpb30,첫 번째 비밀,3765,13
2026-08-09,xdRQQ-uV-ew,F&T,5458,15
2026-08-09,OyePmUzjlb4,0이 될 때까지 지워내,285896,1057
2026-08-09,2dNYo-2tlgU,도레미파솔라시도,10372,35
2026-08-09,Z7ITvksAdGM,아직 태어나지 않았나요,4880,33
2026-08-09,KSyWk3ISs4o,달빛도 잠든 거리,6352,39
2026-08-09,oiJmQr3BoDc,멈추지 않는 바람만,23022,121
2026-08-09,HB2VnB5uUz0,"Rewind, Forward",8158,89
2026-08-09,YOp8gxf8HTw,난 여기 있을게,15959,169
2026-08-09,GgntvWwYvu8,Red Juice,3015,18
2026-08-09,IxoVAgHM0Cs,안녕은 영원한 이별이 아니길,160108,1062
2026-08-09,rc8tF5uct_g,봄이 오고 있어,6218,63
2026-08-09,obDaGr188bQ,그대는 알고 있나요,109532,409
2026-08-09,C-2VvBYgi1Y,부르고 싶은 이름이 되어 버린 너,29721,199
2026-08-09,fp3_BRbeogw,CITY,36,0
2026-08-09,BttPkrdZUtk,고작 꺼낸 한마디가,257,1
2026-08-09,CD2iBBtHWJY,울까요,263,1
2026-08-09,FrsutI3FgsI,달려가고 있어,487,1
2026-08-09,NAEVxyBcox4,보랏빛 사이렌,24952,128
2026-08-09,WCSoJPk7ePQ,널 따라,196,1
2026-08-09,e0zNwl97eME,눈을 감아도,548,2
2026-08-09,fM_jW4SQ6dQ,CITY,5520,28
2026-08-09,pOgM2e9ltco,멍청아,339,1
2026-08-09,yes8AZebW0c,오늘밤엔 꼭,6058,35
2026-08-09,z_NlEEOggzE,부서지길 바래,297,2
2026-08-09,8wFDNGfSZvU,달려가고 있어,5153,24
2026-08-09,bi3lP1CcOTY,고작 꺼낸 한마디가,5579,34
2026-08-09,MqOAcmgJU0M,널 따라,3594,16
2026-08-09,FmwaEEomopk,눈을 감아도,55457,276
2026-08-09,6dtQjvc8n3c,울까요,7481,39
2026-08-09,eIXJnHWgtBk,부서지길 바래,3643,18
2026-08-09,p7KgqfEmyB8,멍청아,4261,20
2026-08-10,1-LBGgnJQcY,So Long,1989,707
2026-08-10,Ak8-z68fV-U,다 거짓말,7007,485
2026-08-10,-XI09WFrJrU,비겁한 사람아,783,24
2026-08-10,BQIVyt3Dn6U,만약에 사랑이 아니었다면,16372,431
2026-08-10,7WyUqIqZvwA,피어나게 해,5701,104
2026-08-10,RMWR7fuyPY4,한 뼘,3099,31
2026-08-10,3kSM8nnaFyk,그대는 날,4749,59
2026-08-10,igPe3SalZaM,All Right,14484,100
2026-08-10,_3asYN_OV_U,추억은 계절처럼 찾아와,63788,402
2026-08-10,Nr0tzBlONjc,나를 사랑하지 않는 너에게,16533,122
2026-08-10,aWPNx-qvHkk,나를 사랑하지 않는 나에게,3365,36
2026-08-10,OX4W0K4ij1Q,넌 바다야,41789,207
2026-08-10,H-rBnGJ0xWM,작은 약속,55827,150
2026-08-10,b6afis3lmuA,Only for you,28267,85
2026-08-10,-2SkSDzl65Q,나는 너,29227,213
2026-08-10,eIGQOGNHn0Y,이제는 안녕 (영범이에게),28905,56
2026-08-10,upxyzZ9aaDg,투명한 콜라,41198,229
2026-08-10,YGOpr4EP2CE,잊어주세요,11669,89
2026-08-10,Snl3FIO9T80,남겨두고서,19162,120
2026-08-10,K_s-Nr9lp6k,영영,110882,777
2026-08-10,hme8ULDjQpg,봄이어라,6836,63
2026-08-10,Sv2oTzU6JFs,마지막 1초,9673,74
2026-08-10,qJfGWQl0xjo,하얀 운동화 (feat. 김인디),11218,101
2026-08-10,rFsGrFl5QqU,종이비행기,8194,52
2026-08-10,w1HcX17JYPM,그 한마디,8902,47
2026-08-10,570BJzlYaqU,너의 노래가 될게,53333,365
2026-08-10,f2tVdl7BzIw,마주치지 말걸 그랬어,86243,695
2026-08-10,1HVuTOrf_Ns,사랑한다고 말해볼까요,16548,120
2026-08-10,1kOZilM88g0,여전히 널,67238,386
2026-08-10,VG-gznNRHIQ,스위트피,5809,35
2026-08-10,x2Rv27prn9c,누가 그랬나요,21650,159
2026-08-10,Ot4xAK2T-s0,미안할 건 없지,25044,245
2026-08-10,nlwQFSs9C1c,인공소녀,4789,56
2026-08-10,SctlVInapnA,눈부시게 행복하기를,8317,78
2026-08-10,J1tMAzBHUo8,이 밤이 다정하게 우릴 속여도,3691,24
2026-08-10,mf1SsEWha0U,핑크빛 립스틱,13049,75
2026-08-10,Xl9xoodpb30,첫 번째 비밀,3783,18
2026-08-10,xdRQQ-uV-ew,F&T,5473,15
2026-08-10,OyePmUzjlb4,0이 될 때까지 지워내,287704,1808
2026-08-10,2dNYo-2tlgU,도레미파솔라시도,10427,55
2026-08-10,Z7ITvksAdGM,아직 태어나지 않았나요,4921,41
2026-08-10,KSyWk3ISs4o,달빛도 잠든 거리,6397,45
2026-08-10,oiJmQr3BoDc,멈추지 않는 바람만,23220,198
2026-08-10,HB2VnB5uUz0,"Rewind, Forward",8260,102
2026-08-10,YOp8gxf8HTw,난 여기 있을게,16205,246
2026-08-10,GgntvWwYvu8,Red Juice,3030,15
2026-08-10,IxoVAgHM0Cs,안녕은 영원한 이별이 아니길,161034,926
2026-08-10,rc8tF5uct_g,봄이 오고 있어,6297,79
2026-08-10,obDaGr188bQ,그대는 알고 있나요,110006,474
2026-08-10,C-2VvBYgi1Y,부르고 싶은 이름이 되어 버린 너,30072,351
2026-08-10,fp3_BRbeogw,CITY,36,0
2026-08-10,BttPkrdZUtk,고작 꺼낸 한마디가,258,1
2026-08-10,CD2iBBtHWJY,울까요,264,1
2026-08-10,FrsutI3FgsI,달려가고 있어,488,1
2026-08-10,NAEVxyBcox4,보랏빛 사이렌,25102,150
2026-08-10,WCSoJPk7ePQ,널 따라,197,1
2026-08-10,e0zNwl97eME,눈을 감아도,563,15
2026-08-10,fM_jW4SQ6dQ,CITY,5542,22
2026-08-10,pOgM2e9ltco,멍청아,340,1
2026-08-10,yes8AZebW0c,오늘밤엔 꼭,6121,63
2026-08-10,z_NlEEOggzE,부서지길 바래,298,1
2026-08-10,8wFDNGfSZvU,달려가고 있어,5176,23
2026-08-10,bi3lP1CcOTY,고작 꺼낸 한마디가,5611,32
2026-08-10,MqOAcmgJU0M,널 따라,3614,20
2026-08-10,FmwaEEomopk,눈을 감아도,55819,362
2026-08-10,6dtQjvc8n3c,울까요,7526,45
2026-08-10,eIXJnHWgtBk,부서지길 바래,3662,19
2026-08-10,p7KgqfEmyB8,멍청아,4286,25
